,Title,Image_Link,Refrence_Link
0,12 ANGRY MEN,https://resizing.flixster.com/S2bne7mEnck8k0hBDd1ivUbi4MA=/fit-in/180x240/v2/https://resizing.flixster.com/-XZAfHZM39UwaGJIFWKAE8fS0ak=/v3/t/assets/p2084_p_v8_ar.jpg,https://www.rottentomatoes.com/m/1000013_12_angry_men
1,2001: A SPACE ODYSSEY,https://resizing.flixster.com/WhNiUGqEetO10CpZvhaoiyotptE=/fit-in/180x240/v2/https://resizing.flixster.com/-XZAfHZM39UwaGJIFWKAE8fS0ak=/v3/t/assets/p6252_p_v8_ai.jpg,https://www.rottentomatoes.com/m/2001_a_space_odyssey
2,THE 400 BLOWS,https://resizing.flixster.com/1u7ROzBKhwnIy9Fcyca05sLJjUM=/fit-in/180x240/v2/https://resizing.flixster.com/-XZAfHZM39UwaGJIFWKAE8fS0ak=/v3/t/assets/p13700_p_v12_ab.jpg,https://www.rottentomatoes.com/m/400_blows
3,"THE ADVENTURES OF PRISCILLA, QUEEN OF THE DESERT",https://resizing.flixster.com/Ret-mCploljF98Z-6e6MEIaVv6s=/fit-in/180x240/v2/https://resizing.flixster.com/-XZAfHZM39UwaGJIFWKAE8fS0ak=/v3/t/assets/p17043_p_v8_ad.jpg,https://www.rottentomatoes.com/m/adventures_of_priscilla_queen_of_the_desert
4,THE ADVENTURES OF ROBIN HOOD,https://resizing.flixster.com/8BjYyxY6NBWGui4q69M0m5xY6pw=/fit-in/180x240/v2/https://resizing.flixster.com/-XZAfHZM39UwaGJIFWKAE8fS0ak=/v3/t/assets/p940_p_v8_af.jpg,https://www.rottentomatoes.com/m/1000355-adventures_of_robin_hood
5,AGUIRRE: THE WRATH OF GOD,https://resizing.flixster.com/pLw-_E_PIUNS8-utDF6BTSDck8s=/fit-in/180x240/v2/https://resizing.flixster.com/-XZAfHZM39UwaGJIFWKAE8fS0ak=/v3/t/assets/p4041_p_v8_aa.jpg,https://www.rottentomatoes.com/m/aguirre_the_wrath_of_god
6,AIRPLANE!,https://resizing.flixster.com/IX6POPS5h70hQF5oZaTy20BHgDs=/fit-in/180x240/v2/https://resizing.flixster.com/-XZAfHZM39UwaGJIFWKAE8fS0ak=/v3/t/assets/p1671_p_v11_aa.jpg,https://www.rottentomatoes.com/m/airplane
7,AKIRA,https://resizing.flixster.com/AvrHFAO8x7Y0cJEncvsJ8E-45kg=/fit-in/180x240/v2/https://resizing.flixster.com/-XZAfHZM39UwaGJIFWKAE8fS0ak=/v3/t/assets/p16852_p_v8_ad.jpg,https://www.rottentomatoes.com/m/akira
8,ALIEN,https://resizing.flixster.com/4uZ_1paESM2WNszw2diZqqvAS-o=/fit-in/180x240/v2/https://resizing.flixster.com/-XZAfHZM39UwaGJIFWKAE8fS0ak=/v3/t/assets/p2571_p_v8_aw.jpg,https://www.rottentomatoes.com/m/alien
9,ALIENS,https://resizing.flixster.com/-5ikyG7jMXnwUBPoopxKyGt7Ydo=/fit-in/180x240/v2/https://resizing.flixster.com/-XZAfHZM39UwaGJIFWKAE8fS0ak=/v3/t/assets/p9384_p_v8_bk.jpg,https://www.rottentomatoes.com/m/1000617-aliens
10,ALL ABOUT EVE,https://resizing.flixster.com/RyaCgGLZlvQZlNiHhqaJwxzSWTs=/fit-in/180x240/v2/https://resizing.flixster.com/-XZAfHZM39UwaGJIFWKAE8fS0ak=/v3/t/assets/p4804_p_v8_ae.jpg,https://www.rottentomatoes.com/m/1000626-all_about_eve
11,ALL ABOUT MY MOTHER,https://resizing.flixster.com/IkZUwwY1cSJXZSuSFEm_gHVREZ8=/fit-in/180x240/v2/https://resizing.flixster.com/-XZAfHZM39UwaGJIFWKAE8fS0ak=/v3/t/assets/p22998_p_v8_am.jpg,https://www.rottentomatoes.com/m/all_about_my_mother
12,ALL THE PRESIDENT'S MEN,https://resizing.flixster.com/S2b4EdWIoDWLbveZKFAMSK44wo0=/fit-in/180x240/v2/https://resizing.flixster.com/-XZAfHZM39UwaGJIFWKAE8fS0ak=/v3/t/assets/p6059_p_v8_aa.jpg,https://www.rottentomatoes.com/m/all_the_presidents_men
13,ALMOST FAMOUS,https://resizing.flixster.com/bZXpchSUII3KvUgdgHe6LWli0Qs=/fit-in/180x240/v2/https://resizing.flixster.com/-XZAfHZM39UwaGJIFWKAE8fS0ak=/v3/t/NowShowing/25082/25082_av.jpg,https://www.rottentomatoes.com/m/almost_famous
14,AMADEUS,https://resizing.flixster.com/sk3XqLGReZTykQ81hCyDzOiJNLU=/fit-in/180x240/v2/https://resizing.flixster.com/-XZAfHZM39UwaGJIFWKAE8fS0ak=/v3/t/NowShowing/31949/31949_aa.jpg,https://www.rottentomatoes.com/m/amadeus
15,AMÃ‰LIE,https://resizing.flixster.com/31ooZdda66X1KnqnHYkF7yrHbXs=/fit-in/180x240/v2/https://resizing.flixster.com/vTsVt5B6vJsQNUBOfQwX9K08rV8=/ems.cHJkLWVtcy1hc3NldHMvbW92aWVzLzFkZDQ3ZWQyLWM2ZGUtNDU2NS1iOTczLWIwY2IyMDZiOTNkYi5qcGc=,https://www.rottentomatoes.com/m/amelie
16,AMOUR,https://resizing.flixster.com/gq7BdUsEGOkEe25aL1qNyS5eksc=/fit-in/180x240/v2/https://resizing.flixster.com/-XZAfHZM39UwaGJIFWKAE8fS0ak=/v3/t/assets/p9286157_p_v8_ai.jpg,https://www.rottentomatoes.com/m/amour_2013
17,AN AMERICAN IN PARIS,https://resizing.flixster.com/d4xKFRGxr7tFNQYTCf_KK-SemG4=/fit-in/180x240/v2/https://resizing.flixster.com/-XZAfHZM39UwaGJIFWKAE8fS0ak=/v3/t/assets/p4502_p_v8_aj.jpg,https://www.rottentomatoes.com/m/american_in_paris
18,ANNIE HALL,https://resizing.flixster.com/eddYw0tWLrPuzq-nZIvRPSuFsKM=/fit-in/180x240/v2/https://resizing.flixster.com/-XZAfHZM39UwaGJIFWKAE8fS0ak=/v3/t/assets/p7349_p_v8_au.jpg,https://www.rottentomatoes.com/m/annie_hall
19,THE APARTMENT,https://resizing.flixster.com/fw1rWgyQN3qljWp90rBqg6n5Q7E=/fit-in/180x240/v2/https://resizing.flixster.com/-XZAfHZM39UwaGJIFWKAE8fS0ak=/v3/t/assets/p4599_p_v8_ba.jpg,https://www.rottentomatoes.com/m/1001115-apartment
20,APOCALYPSE NOW,https://resizing.flixster.com/JeBaXZGgx3ozRy8qMNYXsmZVuOs=/fit-in/180x240/v2/https://resizing.flixster.com/-XZAfHZM39UwaGJIFWKAE8fS0ak=/v3/t/assets/p5545_p_v8_at.jpg,https://www.rottentomatoes.com/m/apocalypse_now
21,AVENGERS: ENDGAME,https://resizing.flixster.com/PUYKuy0g9kGg9q4iPoUQY6dY_a4=/fit-in/180x240/v2/https://resizing.flixster.com/fC7nU6iTRQk02tS0SDS1ylx-G34=/ems.cHJkLWVtcy1hc3NldHMvbW92aWVzL2QxZjE5ZDgzLTRiY2MtNDFkYS04NWQ4LTRkYzc1ZTAwNWE2NC53ZWJw,https://www.rottentomatoes.com/m/avengers_endgame
22,BACK TO THE FUTURE,https://resizing.flixster.com/sj20unXgnbE4Yy8gLku8yQh_ZiU=/fit-in/180x240/v2/https://resizing.flixster.com/-XZAfHZM39UwaGJIFWKAE8fS0ak=/v3/t/assets/p8717_p_v8_ac.jpg,https://www.rottentomatoes.com/m/back_to_the_future
23,BADLANDS,https://resizing.flixster.com/HN2esXstVIaTkM6IW0UX246AfR4=/fit-in/180x240/v2/https://resizing.flixster.com/-XZAfHZM39UwaGJIFWKAE8fS0ak=/v3/t/NowShowing/9976/9976_aa.jpg,https://www.rottentomatoes.com/m/badlands
24,BEAUTY AND THE BEAST,https://resizing.flixster.com/sL3NlGMR1M8sOb1j3OMpzY4bi-0=/fit-in/180x240/v2/https://resizing.flixster.com/hxGLPPMf0SVNNNnWRsA4zTyk_As=/ems.cHJkLWVtcy1hc3NldHMvbW92aWVzL2Q1OWQzMzQ0LWY0YTgtNGI1ZS05NjRlLTk5NWMwMjVhYjQ0Yy53ZWJw,https://www.rottentomatoes.com/m/beauty_and_the_beast_1991
25,BEING JOHN MALKOVICH,https://resizing.flixster.com/miOsrhX2enQVGCmzxaFkSM2gCd8=/fit-in/180x240/v2/https://resizing.flixster.com/-XZAfHZM39UwaGJIFWKAE8fS0ak=/v3/t/assets/p23903_p_v8_ah.jpg,https://www.rottentomatoes.com/m/being_john_malkovich
26,BEING THERE,https://resizing.flixster.com/trhHTOj8_yQuAlGBRzygX0NEs4g=/fit-in/180x240/v2/https://resizing.flixster.com/-XZAfHZM39UwaGJIFWKAE8fS0ak=/v3/t/assets/p7227_p_v8_aa.jpg,https://www.rottentomatoes.com/m/being_there
27,THE BEST YEARS OF OUR LIVES,https://resizing.flixster.com/syb0jFTD5OkAU9nd5H3KvzbB8MU=/fit-in/180x240/v2/https://resizing.flixster.com/-XZAfHZM39UwaGJIFWKAE8fS0ak=/v3/t/assets/p1312_p_v8_aa.jpg,https://www.rottentomatoes.com/m/best_years_of_our_lives
28,BETTER LUCK TOMORROW,https://resizing.flixster.com/g-PntmXg4BVDo084MMkJS2ChYso=/fit-in/180x240/v2/https://resizing.flixster.com/-XZAfHZM39UwaGJIFWKAE8fS0ak=/v3/t/assets/p76432_v_v8_aa.jpg,https://www.rottentomatoes.com/m/better_luck_tomorrow
29,BICYCLE THIEVES,https://resizing.flixster.com/AhwxEtFYYdEyH9DtQOYbrcShLqM=/fit-in/180x240/v2/https://resizing.flixster.com/-XZAfHZM39UwaGJIFWKAE8fS0ak=/v3/t/assets/p7480_p_v7_ae.jpg,https://www.rottentomatoes.com/m/bicycle_thieves
30,THE BIG LEBOWSKI,https://resizing.flixster.com/rAVUOBwKOilUilVMoTtRfZOV_Xc=/fit-in/180x240/v2/https://resizing.flixster.com/zjBrvj8q2AeZv6mCq9erG6Ry36w=/ems.cHJkLWVtcy1hc3NldHMvbW92aWVzL2Q1MWZkMTczLTBjNWItNDcwOS04NDc3LTJmNjYyYjc0YTcxZi5qcGc=,https://www.rottentomatoes.com/m/the_big_lebowski
31,THE BIG SICK,https://resizing.flixster.com/4JnVSHyqHCyFrVyaiD8XUYEtzNc=/fit-in/180x240/v2/https://resizing.flixster.com/-XZAfHZM39UwaGJIFWKAE8fS0ak=/v3/t/NowShowing/171221/171221_aa.jpg,https://www.rottentomatoes.com/m/the_big_sick
32,BIRDMAN OR (THE UNEXPECTED VIRTUE OF IGNORANCE),https://resizing.flixster.com/7MO1tqpPHVkROFbzS4d_s1qct34=/fit-in/180x240/v2/https://resizing.flixster.com/-XZAfHZM39UwaGJIFWKAE8fS0ak=/v3/t/assets/p10726435_p_v8_am.jpg,https://www.rottentomatoes.com/m/birdman_2014
33,BLACK HAWK DOWN,https://resizing.flixster.com/5O6sdaaB4KADcpzs1ZFNbHIhtts=/fit-in/180x240/v2/https://resizing.flixster.com/-XZAfHZM39UwaGJIFWKAE8fS0ak=/v3/t/assets/p28873_p_v8_aj.jpg,https://www.rottentomatoes.com/m/black_hawk_down
34,BLACK ORPHEUS,https://resizing.flixster.com/5dtX76Vfa2fKHjHwiC3Od-pw_Ks=/fit-in/180x240/v2/https://resizing.flixster.com/-XZAfHZM39UwaGJIFWKAE8fS0ak=/v3/t/assets/p6910_p_v8_aa.jpg,https://www.rottentomatoes.com/m/black_orpheus
35,BLACK PANTHER,https://resizing.flixster.com/AFkjaz-8Uf7x02u48NfpAXa2mA4=/fit-in/180x240/v2/https://resizing.flixster.com/KBlur3LaA-y1U1yt6_Y2uO25ozA=/ems.cHJkLWVtcy1hc3NldHMvbW92aWVzLzMxOGI1YzBhLWMyMjEtNGUxMS1iM2Q0LWQ4OGMyYzQyZjQyYS53ZWJw,https://www.rottentomatoes.com/m/black_panther_2018
36,BLADE RUNNER,https://resizing.flixster.com/ucv70AAxCdDH3mJY59VFlNx3rTc=/fit-in/180x240/v2/https://resizing.flixster.com/M0OhldQuouhJi1khB3dPcj3_7ZU=/ems.cHJkLWVtcy1hc3NldHMvbW92aWVzL2FkZDM0MDZiLWYxMmEtNDFjNS1iNmMzLTQ3NzIzODE1NDc3NS53ZWJw,https://www.rottentomatoes.com/m/blade_runner
37,BLAZING SADDLES,https://resizing.flixster.com/f5hrAOi_AAUQ-JyKiSSNv143qbA=/fit-in/180x240/v2/https://resizing.flixster.com/-XZAfHZM39UwaGJIFWKAE8fS0ak=/v3/t/assets/p1036_p_v12_an.jpg,https://www.rottentomatoes.com/m/blazing_saddles
38,BOOGIE NIGHTS,https://resizing.flixster.com/JME9_RsZeJ1ijkmV7d8MhzWQRc8=/fit-in/180x240/v2/https://resizing.flixster.com/-XZAfHZM39UwaGJIFWKAE8fS0ak=/v3/t/assets/p19875_p_v12_ag.jpg,https://www.rottentomatoes.com/m/boogie_nights
39,BOYS DON'T CRY,https://resizing.flixster.com/dy2aouoajrRlafNstA6nHgqVU5Q=/fit-in/180x240/v2/https://resizing.flixster.com/-XZAfHZM39UwaGJIFWKAE8fS0ak=/v3/t/assets/p23904_p_v8_ar.jpg,https://www.rottentomatoes.com/m/boys_dont_cry
40,BOYZ N THE HOOD,https://resizing.flixster.com/NoGA4lrQ_FpIEnHcpIBoSHn3cbY=/fit-in/180x240/v2/https://resizing.flixster.com/-XZAfHZM39UwaGJIFWKAE8fS0ak=/v3/t/assets/p13227_p_v8_al.jpg,https://www.rottentomatoes.com/m/boyz_n_the_hood
41,THE BREAKFAST CLUB,https://resizing.flixster.com/KRhKL9IrrHBEj14aIkTgocb6G08=/fit-in/180x240/v2/https://resizing.flixster.com/-XZAfHZM39UwaGJIFWKAE8fS0ak=/v3/t/assets/p8670_p_v8_ab.jpg,https://www.rottentomatoes.com/m/breakfast_club
42,BREATHLESS,https://resizing.flixster.com/1oSe72u-Guj5vCfc61ooJtcZIMo=/fit-in/180x240/v2/https://resizing.flixster.com/-XZAfHZM39UwaGJIFWKAE8fS0ak=/v3/t/assets/p6906_p_v8_ae.jpg,https://www.rottentomatoes.com/m/breathless
43,BRIDESMAIDS,https://resizing.flixster.com/5xbnX8MjyCaVfCO3ksCajNYh0Cw=/fit-in/180x240/v2/https://resizing.flixster.com/-XZAfHZM39UwaGJIFWKAE8fS0ak=/v3/t/assets/p8414185_p_v8_ae.jpg,https://www.rottentomatoes.com/m/bridesmaids_2011
44,THE BRIDGE ON THE RIVER KWAI,https://resizing.flixster.com/lW31BtoljSy_FDW94QhSNKNG-JE=/fit-in/180x240/v2/https://resizing.flixster.com/-XZAfHZM39UwaGJIFWKAE8fS0ak=/v3/t/NowShowing/10025/10025_aa.jpg,https://www.rottentomatoes.com/m/bridge_on_the_river_kwai
45,BRIDGET JONES'S DIARY,https://resizing.flixster.com/Ss3vyQbUoa5bOl5ouVYmneVKZoM=/fit-in/180x240/v2/https://resizing.flixster.com/-XZAfHZM39UwaGJIFWKAE8fS0ak=/v3/t/assets/p27484_p_v11_aa.jpg,https://www.rottentomatoes.com/m/bridget_jones_diary
46,BROADCAST NEWS,https://resizing.flixster.com/48VfZUl9_Kf_CqrgOUgP6Fjru74=/fit-in/180x240/v2/https://resizing.flixster.com/-XZAfHZM39UwaGJIFWKAE8fS0ak=/v3/t/assets/p10500_p_v8_ad.jpg,https://www.rottentomatoes.com/m/broadcast_news
47,BROKEBACK MOUNTAIN,https://resizing.flixster.com/m6EsBGKUgGx_nxrQRf1USYR8owg=/fit-in/180x240/v2/https://resizing.flixster.com/-XZAfHZM39UwaGJIFWKAE8fS0ak=/v3/t/NowShowing/41914/41914_ab.jpg,https://www.rottentomatoes.com/m/brokeback_mountain
48,BUTCH CASSIDY AND THE SUNDANCE KID,https://resizing.flixster.com/Ad8lB1M85hqhygIS6AtDpQbJ9A8=/fit-in/180x240/v2/https://resizing.flixster.com/-XZAfHZM39UwaGJIFWKAE8fS0ak=/v3/t/NowShowing/48975/48975_aa.jpg,https://www.rottentomatoes.com/m/1003318-butch_cassidy_and_the_sundance_kid
49,CABARET,https://resizing.flixster.com/wLVxViPFG5tf772OJ6Uqb-6-qbs=/fit-in/180x240/v2/https://resizing.flixster.com/-XZAfHZM39UwaGJIFWKAE8fS0ak=/v3/t/assets/p720_p_v8_aa.jpg,https://www.rottentomatoes.com/m/cabaret
50,THE CABINET OF DR. CALIGARI,https://resizing.flixster.com/nyjFRsJaUR4MZoomT77gVtXRb2s=/fit-in/180x240/v2/https://resizing.flixster.com/-XZAfHZM39UwaGJIFWKAE8fS0ak=/v3/t/assets/p6890_p_v8_aa.jpg,https://www.rottentomatoes.com/m/the_cabinet_of_dr_caligari
51,CALL ME BY YOUR NAME,https://resizing.flixster.com/KiME5FKeN-PDfrbKfSJZ_opz8rs=/fit-in/180x240/v2/https://resizing.flixster.com/GR7S7lf9u9iCxy-rQIYOLVQIOL0=/ems.cHJkLWVtcy1hc3NldHMvbW92aWVzLzJkOGVlYzY1LTA2YjItNDc5My1hZDk5LTM3MGJjMWIyYmIxYS53ZWJw,https://www.rottentomatoes.com/m/call_me_by_your_name
52,CAROL,https://resizing.flixster.com/d8Awvib3k0wsGnTzL2FaAUQ4SGg=/fit-in/180x240/v2/https://resizing.flixster.com/-XZAfHZM39UwaGJIFWKAE8fS0ak=/v3/t/NowShowing/151458/151458_aa.jpg,https://www.rottentomatoes.com/m/carol
53,CASABLANCA,https://resizing.flixster.com/baYcpNSS4GEn7cPoW3chiWuoYyw=/fit-in/180x240/v2/https://resizing.flixster.com/wcaZelGoDPS575ju3tWP7-tBM20=/ems.cHJkLWVtcy1hc3NldHMvbW92aWVzLzUxNjQ2ZTQzLTJlNmItNGViYS05MDYyLWIzYTY5YzNhMzI3NS5qcGc=,https://www.rottentomatoes.com/m/1003707-casablanca
54,CASINO ROYALE,https://resizing.flixster.com/i16yQMtaSGTl2HKMtVcC2N0jEYM=/fit-in/180x240/v2/https://resizing.flixster.com/-XZAfHZM39UwaGJIFWKAE8fS0ak=/v3/t/assets/p159167_p_v8_ac.jpg,https://www.rottentomatoes.com/m/casino_royale
55,CHILDREN OF MEN,https://resizing.flixster.com/uPjSRFrUo56sMhVZMSRSUG4YNII=/fit-in/180x240/v2/https://resizing.flixster.com/-XZAfHZM39UwaGJIFWKAE8fS0ak=/v3/t/assets/p159796_p_v8_au.jpg,https://www.rottentomatoes.com/m/children_of_men
56,CHINATOWN,https://resizing.flixster.com/z9Wwt-YaUrO7gOfxcAOwXsUWxE4=/fit-in/180x240/v2/https://resizing.flixster.com/-XZAfHZM39UwaGJIFWKAE8fS0ak=/v3/t/assets/p1933_p_v8_ad.jpg,https://www.rottentomatoes.com/m/chinatown
57,CITY OF GOD,https://resizing.flixster.com/WpL7huyi8vfvqpF0jgjcR37lFXk=/fit-in/180x240/v2/https://resizing.flixster.com/-XZAfHZM39UwaGJIFWKAE8fS0ak=/v3/t/assets/p30586_p_v8_an.jpg,https://www.rottentomatoes.com/m/city_of_god
58,CINEMA PARADISO,https://resizing.flixster.com/-hImwBgHk5whcmoeihfDUy66DgY=/fit-in/180x240/v2/https://resizing.flixster.com/sobdOtO-edgkZ2sS3N2FeKYsdQE=/ems.cHJkLWVtcy1hc3NldHMvbW92aWVzLzY3ODc5MmJmLTc5YmUtNDlmZi05NjRmLTZiMDQyZjRlNWMxZS5qcGc=,https://www.rottentomatoes.com/m/cinema_paradiso
59,CITIZEN KANE,https://resizing.flixster.com/ZWfL1hfCrUAyemRB5Y38afNfX5c=/fit-in/180x240/v2/https://resizing.flixster.com/-XZAfHZM39UwaGJIFWKAE8fS0ak=/v3/t/assets/p1485_p_v8_aa.jpg,https://www.rottentomatoes.com/m/citizen_kane
60,CITY LIGHTS,https://resizing.flixster.com/rud5yjLBpJOLOINNoPMNFPfIwvw=/fit-in/180x240/v2/https://resizing.flixster.com/-XZAfHZM39UwaGJIFWKAE8fS0ak=/v3/t/assets/p6958_p_v8_aa.jpg,https://www.rottentomatoes.com/m/city_lights
61,CLERKS,https://resizing.flixster.com/Wt7TSpoLwZPrpyyEoLYpg4xiCW4=/fit-in/180x240/v2/https://resizing.flixster.com/-XZAfHZM39UwaGJIFWKAE8fS0ak=/v3/t/assets/p15365_p_v8_aa.jpg,https://www.rottentomatoes.com/m/clerks
62,A CLOCKWORK ORANGE,https://resizing.flixster.com/jsMWU_HFIJsgYwL6OelSRq2te9Q=/fit-in/180x240/v2/https://resizing.flixster.com/-XZAfHZM39UwaGJIFWKAE8fS0ak=/v3/t/assets/p1587_p_v8_an.jpg,https://www.rottentomatoes.com/m/clockwork_orange
63,CLUELESS,https://resizing.flixster.com/F4TAnO9gp7RMR_y7D8YECGEKNXQ=/fit-in/180x240/v2/https://resizing.flixster.com/-XZAfHZM39UwaGJIFWKAE8fS0ak=/v3/t/assets/p16942_p_v12_ax.jpg,https://www.rottentomatoes.com/m/clueless
64,COCO,https://resizing.flixster.com/mfFY4V32njLt83FSGDXFf7sB6B8=/fit-in/180x240/v2/https://resizing.flixster.com/-XZAfHZM39UwaGJIFWKAE8fS0ak=/v3/t/NowShowing/172117/172117_ac.jpg,https://www.rottentomatoes.com/m/coco_2017
65,CRAZY RICH ASIANS,https://resizing.flixster.com/SvNQ5vOpGQ1KlG39syy1jZWlwoI=/fit-in/180x240/v2/https://resizing.flixster.com/VZsEydVSIF7G1hUPkN8ytnh_tlo=/ems.cHJkLWVtcy1hc3NldHMvbW92aWVzL2Y3NjA2YjlmLTQ2MzUtNGQwYS05MWQyLTAxOWM3NjExZTdmNS5qcGc=,https://www.rottentomatoes.com/m/crazy_rich_asians
66,CREED,https://resizing.flixster.com/ZxRpJT31pMDIVijox6vcoVMNWYI=/fit-in/180x240/v2/https://resizing.flixster.com/-XZAfHZM39UwaGJIFWKAE8fS0ak=/v3/t/assets/p11491087_p_v8_ad.jpg,https://www.rottentomatoes.com/m/creed_2015
67,"CROUCHING TIGER, HIDDEN DRAGON",https://resizing.flixster.com/Ia5aau_-R0P169VtZVZ6CBRKkFY=/fit-in/180x240/v2/https://resizing.flixster.com/-XZAfHZM39UwaGJIFWKAE8fS0ak=/v3/t/assets/p25570_p_v8_av.jpg,https://www.rottentomatoes.com/m/crouching_tiger_hidden_dragon
68,THE DARK KNIGHT,https://resizing.flixster.com/5ftl4iDlcy3_Ka2cqlzpjs6kv50=/fit-in/180x240/v2/https://resizing.flixster.com/Wg25mLoPWxjcxXzNyaSF4VGgGE4=/ems.cHJkLWVtcy1hc3NldHMvbW92aWVzL2ZiNjZiNWFkLWVhNzEtNDRhMC1iNGIwLTFmY2FkNzllNTJlMi5qcGc=,https://www.rottentomatoes.com/m/the_dark_knight
69,DAWN OF THE DEAD,https://resizing.flixster.com/uVkxCW-TBO7oyjZUVfkgRYGcon8=/fit-in/180x240/v2/https://resizing.flixster.com/-XZAfHZM39UwaGJIFWKAE8fS0ak=/v3/t/assets/p11744_p_v8_aa.jpg,https://www.rottentomatoes.com/m/1005339-dawn_of_the_dead
70,THE DAY THE EARTH STOOD STILL,https://resizing.flixster.com/Gb8u-V3MDTYWL4-jYf-WAZGvhYc=/fit-in/180x240/v2/https://resizing.flixster.com/-XZAfHZM39UwaGJIFWKAE8fS0ak=/v3/t/assets/p5540_p_v8_aa.jpg,https://www.rottentomatoes.com/m/1005371-day_the_earth_stood_still
71,DAZED AND CONFUSED,https://resizing.flixster.com/4bneNJFr8vOWxY9NRfXwfwBHwX4=/fit-in/180x240/v2/https://resizing.flixster.com/-XZAfHZM39UwaGJIFWKAE8fS0ak=/v3/t/assets/p14845_p_v8_ai.jpg,https://www.rottentomatoes.com/m/dazed_and_confused
72,DEAD POETS SOCIETY,https://resizing.flixster.com/9LgCsmSUJDm4ibh2ZDa-989lJA0=/fit-in/180x240/v2/https://resizing.flixster.com/-XZAfHZM39UwaGJIFWKAE8fS0ak=/v3/t/assets/p11671_p_v8_ad.jpg,https://www.rottentomatoes.com/m/dead_poets_society
73,DIE HARD,https://resizing.flixster.com/2Ofo1mfJUkL-_l4EDl3NEy2Ji0o=/fit-in/180x240/v2/https://resizing.flixster.com/-XZAfHZM39UwaGJIFWKAE8fS0ak=/v3/t/assets/p10255_p_v8_aw.jpg,https://www.rottentomatoes.com/m/die_hard
74,DO THE RIGHT THING,https://resizing.flixster.com/H5JR14GbU-Wy0rS5AytQ4y7uHq8=/fit-in/180x240/v2/https://resizing.flixster.com/-XZAfHZM39UwaGJIFWKAE8fS0ak=/v3/t/assets/p11644_p_v8_ab.jpg,https://www.rottentomatoes.com/m/do_the_right_thing
75,DOCTOR ZHIVAGO,https://resizing.flixster.com/t4dyeMNxOLBcp1w-hVONJV-On_E=/fit-in/180x240/v2/https://resizing.flixster.com/-XZAfHZM39UwaGJIFWKAE8fS0ak=/v3/t/assets/p378_p_v8_af.jpg,https://www.rottentomatoes.com/m/1006037-doctor_zhivago
76,DOG DAY AFTERNOON,https://resizing.flixster.com/LAHASdxIJ97Wxfo9lV9Ad2YD49M=/fit-in/180x240/v2/https://resizing.flixster.com/-XZAfHZM39UwaGJIFWKAE8fS0ak=/v3/t/assets/p617_p_v8_aa.jpg,https://www.rottentomatoes.com/m/dog_day_afternoon
77,DON'T LOOK NOW,https://resizing.flixster.com/QFN_1qlqZZu5QTXzTrUQIbC4c8M=/fit-in/180x240/v2/https://resizing.flixster.com/-XZAfHZM39UwaGJIFWKAE8fS0ak=/v3/t/assets/p1785_p_v12_ai.jpg,https://www.rottentomatoes.com/m/dont_look_now
78,DOUBLE INDEMNITY,https://resizing.flixster.com/T19FHKBaY1WL0cxUXivG3drNEk0=/fit-in/180x240/v2/https://resizing.flixster.com/-XZAfHZM39UwaGJIFWKAE8fS0ak=/v3/t/assets/p2033_p_v8_ah.jpg,https://www.rottentomatoes.com/m/double_indemnity
79,DR. STRANGELOVE OR: HOW I LEARNED TO STOP WORRYING AND LOVE THE BOMB,https://resizing.flixster.com/8N9vcOffBrqT47MzfxjqiMVir7g=/fit-in/180x240/v2/https://resizing.flixster.com/-XZAfHZM39UwaGJIFWKAE8fS0ak=/v3/t/assets/p1816_p_v8_aa.jpg,https://www.rottentomatoes.com/m/dr_strangelove
80,DRACULA,https://resizing.flixster.com/TN2jnEvOdlefNF7Tlkpq9f0_5-k=/fit-in/180x240/v2/https://resizing.flixster.com/-XZAfHZM39UwaGJIFWKAE8fS0ak=/v3/t/assets/p686_p_v8_ab.jpg,https://www.rottentomatoes.com/m/1006234-dracula
81,DRIVE,https://resizing.flixster.com/O9hLGhrO14vIJyap_V8WMqY3SDo=/fit-in/180x240/v2/https://resizing.flixster.com/-XZAfHZM39UwaGJIFWKAE8fS0ak=/v3/t/assets/p8609718_p_v12_ar.jpg,https://www.rottentomatoes.com/m/drive_2011
82,DRUNKEN MASTER II,https://resizing.flixster.com/F3Hum6gwL4YlYmMYPf-MUNldcT8=/fit-in/180x240/v2/https://resizing.flixster.com/-XZAfHZM39UwaGJIFWKAE8fS0ak=/v3/t/assets/p25808_p_v8_af.jpg,https://www.rottentomatoes.com/m/legend_of_drunken_master
83,DUCK SOUP,https://resizing.flixster.com/fCi8AmJeYhzzN7bNWUUfkBapvUA=/fit-in/180x240/v2/https://resizing.flixster.com/-XZAfHZM39UwaGJIFWKAE8fS0ak=/v3/t/assets/p4226_p_v8_aa.jpg,https://www.rottentomatoes.com/m/duck_soup
84,E.T. THE EXTRA-TERRESTRIAL,https://resizing.flixster.com/RtSEops51GUU2pzqHPzToZ_v1Xc=/fit-in/180x240/v2/https://resizing.flixster.com/-XZAfHZM39UwaGJIFWKAE8fS0ak=/v3/t/assets/p10998_p_v8_ao.jpg,https://www.rottentomatoes.com/m/et_the_extraterrestrial
85,EASY RIDER,https://resizing.flixster.com/hQ-IvuZ4JNYdfjaQCLlNBnWEwDA=/fit-in/180x240/v2/https://resizing.flixster.com/-XZAfHZM39UwaGJIFWKAE8fS0ak=/v3/t/assets/p4312_p_v8_ad.jpg,https://www.rottentomatoes.com/m/easy_rider
86,EDWARD SCISSORHANDS,https://resizing.flixster.com/OKiN-FFiMUJ1cgGjm3Yt3cr_whk=/fit-in/180x240/v2/https://resizing.flixster.com/-XZAfHZM39UwaGJIFWKAE8fS0ak=/v3/t/assets/p12902_p_v8_ax.jpg,https://www.rottentomatoes.com/m/edward_scissorhands
87,ELECTION,https://resizing.flixster.com/c9FKJ_IjphYBmCH42fkyYWH8jRQ=/fit-in/180x240/v2/https://resizing.flixster.com/-XZAfHZM39UwaGJIFWKAE8fS0ak=/v3/t/assets/p22995_p_v8_af.jpg,https://www.rottentomatoes.com/m/election
88,THE ELEPHANT MAN,https://resizing.flixster.com/4i3a8ypzJ5XsPlVtKKHkmQtnCvA=/fit-in/180x240/v2/https://resizing.flixster.com/-XZAfHZM39UwaGJIFWKAE8fS0ak=/v3/t/assets/p410_p_v8_ac.jpg,https://www.rottentomatoes.com/m/1006527-elephant_man
89,ENTER THE DRAGON,https://resizing.flixster.com/TSdnh1PcOdCj32iMBQyjtMao538=/fit-in/180x240/v2/https://resizing.flixster.com/jCJyYHymmIIybP3qtO288TWwA80=/ems.cHJkLWVtcy1hc3NldHMvbW92aWVzLzQ3MWEzZDRjLTFkMmEtNDMxMy1iZWEwLTQ0MWFlZTMzNzlmNi5qcGc=,https://www.rottentomatoes.com/m/enter_the_dragon
90,ETERNAL SUNSHINE OF THE SPOTLESS MIND,https://resizing.flixster.com/R8dmCFFlClpEJagjYzLrBQaSYCc=/fit-in/180x240/v2/https://resizing.flixster.com/-XZAfHZM39UwaGJIFWKAE8fS0ak=/v3/t/NowShowing/35896/35896_aa.jpg,https://www.rottentomatoes.com/m/eternal_sunshine_of_the_spotless_mind
91,EVIL DEAD 2,https://resizing.flixster.com/E8FTIuepOSVASIfL-2KIRBmI_UA=/fit-in/180x240/v2/https://resizing.flixster.com/HyHV1nDXCOx8Y2Q5IzvR3F6ClEY=/ems.cHJkLWVtcy1hc3NldHMvbW92aWVzL2VhNThhMzM2LTJlODQtNGM3MC04YWQzLTE1NmFkZWMzNjhhNi5qcGc=,https://www.rottentomatoes.com/m/evil_dead_2_dead_by_dawn
92,THE EXORCIST,https://resizing.flixster.com/SsyamvcetbozyB0l4vrQT2PYPzk=/fit-in/180x240/v2/https://resizing.flixster.com/-XZAfHZM39UwaGJIFWKAE8fS0ak=/v3/t/NowShowing/23512/23512_aa.jpg,https://www.rottentomatoes.com/m/exorcist
93,THE FAREWELL,https://resizing.flixster.com/6_prBxeFHCGfyg9yKvuTfYixtOA=/fit-in/180x240/v2/https://resizing.flixster.com/-XZAfHZM39UwaGJIFWKAE8fS0ak=/v3/t/NowShowing/197251/197251_aa.jpg,https://www.rottentomatoes.com/m/the_farewell_2019
94,FARGO,https://resizing.flixster.com/LEzFfkMz1yMQWdow1TxEsDQC3hk=/fit-in/180x240/v2/https://resizing.flixster.com/-XZAfHZM39UwaGJIFWKAE8fS0ak=/v3/t/assets/p17672_p_v8_at.jpg,https://www.rottentomatoes.com/m/fargo
95,FAST FIVE,https://resizing.flixster.com/gdAbXGeDrezlcYhHk-s3vCHrn0w=/fit-in/180x240/v2/https://resizing.flixster.com/-XZAfHZM39UwaGJIFWKAE8fS0ak=/v3/t/assets/p8338313_p_v8_aq.jpg,https://www.rottentomatoes.com/m/fast_five
96,FAST TIMES AT RIDGEMONT HIGH,https://resizing.flixster.com/070O868cIb-Sp9sDR7XPlgBuADE=/fit-in/180x240/v2/https://resizing.flixster.com/-XZAfHZM39UwaGJIFWKAE8fS0ak=/v3/t/assets/p6079_p_v8_ah.jpg,https://www.rottentomatoes.com/m/fast_times_at_ridgemont_high
97,FIGHT CLUB,https://resizing.flixster.com/kTKrAWMF_bqm_GC69DWQM1RKiNo=/fit-in/180x240/v2/https://resizing.flixster.com/-XZAfHZM39UwaGJIFWKAE8fS0ak=/v3/t/assets/p23069_p_v8_aa.jpg,https://www.rottentomatoes.com/m/fight_club
98,FISH TANK,https://resizing.flixster.com/1bwltLHhPC-4iu3GvrlcjaMgD-g=/fit-in/180x240/v2/https://resizing.flixster.com/-XZAfHZM39UwaGJIFWKAE8fS0ak=/v3/t/assets/p7857047_p_v8_aa.jpg,https://www.rottentomatoes.com/m/fish_tank
99,FORBIDDEN PLANET,https://resizing.flixster.com/zybBcnh6Yxvsa994c5EvyLn9ikw=/fit-in/180x240/v2/https://resizing.flixster.com/-XZAfHZM39UwaGJIFWKAE8fS0ak=/v3/t/assets/p2306_p_v8_aa.jpg,https://www.rottentomatoes.com/m/forbidden_planet
100,FOUR WEDDINGS AND A FUNERAL,https://resizing.flixster.com/yuiJT_N6jrRZZfgI-HOPQ4rZPQs=/fit-in/180x240/v2/https://resizing.flixster.com/-XZAfHZM39UwaGJIFWKAE8fS0ak=/v3/t/assets/p15340_p_v8_ah.jpg,https://www.rottentomatoes.com/m/four_weddings_and_a_funeral
101,FRANKENSTEIN,https://resizing.flixster.com/-1uO5iuu1eQo7ty0Gi-JzQxz-XE=/fit-in/180x240/v2/https://resizing.flixster.com/-XZAfHZM39UwaGJIFWKAE8fS0ak=/v3/t/assets/p5448_p_v8_ab.jpg,https://www.rottentomatoes.com/m/1007818-frankenstein
102,THE FRENCH CONNECTION,https://resizing.flixster.com/13dvU51MYAsDE5MoRu3axw1uzU4=/fit-in/180x240/v2/https://resizing.flixster.com/-XZAfHZM39UwaGJIFWKAE8fS0ak=/v3/t/assets/p912_p_v8_as.jpg,https://www.rottentomatoes.com/m/french_connection
103,FRIDA,https://resizing.flixster.com/OJ_kXD4xrRdJy7ZR-woQ7CSE52g=/fit-in/180x240/v2/https://resizing.flixster.com/-XZAfHZM39UwaGJIFWKAE8fS0ak=/v3/t/assets/p22714_p_v8_av.jpg,https://www.rottentomatoes.com/m/frida
104,GALLIPOLI,https://resizing.flixster.com/iFrtjgcvO7tgAsK0CNwmeENGzJQ=/fit-in/180x240/v2/https://resizing.flixster.com/-XZAfHZM39UwaGJIFWKAE8fS0ak=/v3/t/assets/p4054_p_v8_aa.jpg,https://www.rottentomatoes.com/m/1008074-gallipoli
105,GANDHI,https://resizing.flixster.com/XT7F6mnpKYncDxbIJxIBK0bGeHA=/fit-in/180x240/v2/https://resizing.flixster.com/-XZAfHZM39UwaGJIFWKAE8fS0ak=/v3/t/assets/p7560_p_v8_ag.jpg,https://www.rottentomatoes.com/m/gandhi
106,GATTACA,https://resizing.flixster.com/aRQdpLmvpN6pTAHqYfcGKelvPuE=/fit-in/180x240/v2/https://resizing.flixster.com/-XZAfHZM39UwaGJIFWKAE8fS0ak=/v3/t/assets/p19880_p_v8_bb.jpg,https://www.rottentomatoes.com/m/gattaca
107,THE GENERAL,https://resizing.flixster.com/3yQOOpnHvI5_CEJjQzUQiSmEPnc=/fit-in/180x240/v2/https://resizing.flixster.com/-XZAfHZM39UwaGJIFWKAE8fS0ak=/v3/t/assets/p6125_p_v8_ab.jpg,https://www.rottentomatoes.com/m/1008166-general
108,GET OUT,https://resizing.flixster.com/-nykfPqePdd6jhtUjqdMYDEsBek=/fit-in/180x240/v2/https://resizing.flixster.com/-XZAfHZM39UwaGJIFWKAE8fS0ak=/v3/t/assets/p13365032_p_v8_bb.jpg,https://www.rottentomatoes.com/m/get_out
109,GHOST IN THE SHELL,https://resizing.flixster.com/h7jPd8qRcI1bYxFqQuxqeR_zSmg=/fit-in/180x240/v2/https://resizing.flixster.com/-XZAfHZM39UwaGJIFWKAE8fS0ak=/v3/t/assets/p36417_p_v8_aa.jpg,https://www.rottentomatoes.com/m/ghost_in_the_shell
110,GHOSTBUSTERS,https://resizing.flixster.com/l_SVh-302yFWWfuXK-aJkJX1URo=/fit-in/180x240/v2/https://resizing.flixster.com/-XZAfHZM39UwaGJIFWKAE8fS0ak=/v3/t/assets/p8603_p_v12_bh.jpg,https://www.rottentomatoes.com/m/ghostbusters
111,GIRLS TRIP,https://resizing.flixster.com/T23t9emJP589hNbgG9c8oCI9DYc=/fit-in/180x240/v2/https://resizing.flixster.com/PodzaMQOSuxdGft4HaiYgF4zVg8=/ems.cHJkLWVtcy1hc3NldHMvbW92aWVzLzVmMzQzMmY4LTJjZTQtNGQ1MC05YWU2LWNjZTUzYmE4OWI3ZS53ZWJw,https://www.rottentomatoes.com/m/girls_trip
112,THE GODFATHER,https://resizing.flixster.com/oe8benxW0pe27wtSfTrC2dvoTCY=/fit-in/180x240/v2/https://resizing.flixster.com/-XZAfHZM39UwaGJIFWKAE8fS0ak=/v3/t/NowShowing/43177/43177_aa.jpg,https://www.rottentomatoes.com/m/the_godfather
113,"THE GODFATHER, PART II",https://resizing.flixster.com/gqtkbl8TtE0oHJYHHezdQRF4JwQ=/fit-in/180x240/v2/https://resizing.flixster.com/-XZAfHZM39UwaGJIFWKAE8fS0ak=/v3/t/assets/p6319_p_v8_bc.jpg,https://www.rottentomatoes.com/m/godfather_part_ii
114,GODZILLA,https://resizing.flixster.com/cHHOgYf6nCBeUQ1EC83XbXYzP2k=/fit-in/180x240/v2/https://resizing.flixster.com/eGIZbbJZWVPbZj05WJtFeffyDzE=/ems.cHJkLWVtcy1hc3NldHMvbW92aWVzLzdiNmUwN2MwLTNiZTgtNGI1Mi1iOTBmLTY0ODA1MzNkZmY5YS53ZWJw,https://www.rottentomatoes.com/m/godzilla_1956
115,007: GOLDFINGER,https://resizing.flixster.com/v2BxV0OCIAS1bBM-yZ36C95ftNE=/fit-in/180x240/v2/https://resizing.flixster.com/-XZAfHZM39UwaGJIFWKAE8fS0ak=/v3/t/assets/p3374_p_v8_as.jpg,https://www.rottentomatoes.com/m/goldfinger
116,"THE GOOD, THE BAD AND THE UGLY",https://resizing.flixster.com/Jfrl5W1Ul2GA5-QiHTRgxDX_1n0=/fit-in/180x240/v2/https://resizing.flixster.com/-XZAfHZM39UwaGJIFWKAE8fS0ak=/v3/t/assets/p4161_p_v8_av.jpg,https://www.rottentomatoes.com/m/the_good_the_bad_and_the_ugly
117,GOODFELLAS,https://resizing.flixster.com/7G3MJ2kJOEo21-i-TNSfvpVSf-4=/fit-in/180x240/v2/https://resizing.flixster.com/-XZAfHZM39UwaGJIFWKAE8fS0ak=/v3/t/assets/p12720_v_v13_bc.jpg,https://www.rottentomatoes.com/m/1032176-goodfellas
118,THE GRAND BUDAPEST HOTEL,https://resizing.flixster.com/2MuVOyQvleR4UQV_Gx0LeGNzRMs=/fit-in/180x240/v2/https://resizing.flixster.com/-XZAfHZM39UwaGJIFWKAE8fS0ak=/v3/t/assets/p10295153_p_v8_at.jpg,https://www.rottentomatoes.com/m/the_grand_budapest_hotel
119,GRAND ILLUSION,https://resizing.flixster.com/x5UJL0752rJaOEXSuD4t9uJa4SE=/fit-in/180x240/v2/https://resizing.flixster.com/-XZAfHZM39UwaGJIFWKAE8fS0ak=/v3/t/assets/p1115_p_v8_aa.jpg,https://www.rottentomatoes.com/m/la_grande_illusion
120,THE GRAPES OF WRATH,https://resizing.flixster.com/e-ud9bB8jMumYDcSlfG6jiuW8kU=/fit-in/180x240/v2/https://resizing.flixster.com/-XZAfHZM39UwaGJIFWKAE8fS0ak=/v3/t/assets/p3554_p_v8_ah.jpg,https://www.rottentomatoes.com/m/grapes_of_wrath
121,GREASE,https://resizing.flixster.com/OjKEPTyXvX5_bJPn557uCtIkOgo=/fit-in/180x240/v2/https://resizing.flixster.com/-XZAfHZM39UwaGJIFWKAE8fS0ak=/v3/t/assets/p6915_p_v8_aq.jpg,https://www.rottentomatoes.com/m/grease
122,THE GREAT ESCAPE,https://resizing.flixster.com/elATHbOpXciI1ta8ukk1n_06FZY=/fit-in/180x240/v2/https://resizing.flixster.com/-XZAfHZM39UwaGJIFWKAE8fS0ak=/v3/t/assets/p3150_p_v8_aj.jpg,https://www.rottentomatoes.com/m/the_great_escape
123,GROUNDHOG DAY,https://resizing.flixster.com/aBO7-09oLolPzYft3mvpJfSf9wc=/fit-in/180x240/v2/https://resizing.flixster.com/-XZAfHZM39UwaGJIFWKAE8fS0ak=/v3/t/assets/p14569_p_v10_bh.jpg,https://www.rottentomatoes.com/m/groundhog_day
124,GUARDIANS OF THE GALAXY,https://resizing.flixster.com/7H4GbcaDT6cXBE83fuTtMKSpBI0=/fit-in/180x240/v2/https://resizing.flixster.com/SneFHH-BDOhBkh7h1A-aNwcrxLM=/ems.cHJkLWVtcy1hc3NldHMvbW92aWVzL2U3YTY2YTQzLTU5NDgtNDNiMC04ZTI1LTFiZDYyMTMxMjc5MC5qcGc=,https://www.rottentomatoes.com/m/guardians_of_the_galaxy
125,HAIRSPRAY,https://resizing.flixster.com/73we7e_bqrNJQ0RZiBtW_wHS5qc=/fit-in/180x240/v2/https://resizing.flixster.com/-XZAfHZM39UwaGJIFWKAE8fS0ak=/v3/t/assets/p10581_p_v8_aa.jpg,https://www.rottentomatoes.com/m/hairspray_1988
126,HALLOWEEN,https://resizing.flixster.com/vTOktlQ8O3WGcxaGvNN6BmisDjE=/fit-in/180x240/v2/https://resizing.flixster.com/-XZAfHZM39UwaGJIFWKAE8fS0ak=/v3/t/assets/p3499_p_v8_aa.jpg,https://www.rottentomatoes.com/m/1009113-halloween
127,A HARD DAY'S NIGHT,https://resizing.flixster.com/ccQf2SwaJebGoF5BziulUxeMymE=/fit-in/180x240/v2/https://resizing.flixster.com/-XZAfHZM39UwaGJIFWKAE8fS0ak=/v3/t/assets/p10514_p_v8_aa.jpg,https://www.rottentomatoes.com/m/beatles_a_hard_days_night
128,HAROLD AND MAUDE,https://resizing.flixster.com/CZ4PRbtG-KUeeclymX9fbHHO-Io=/fit-in/180x240/v2/https://resizing.flixster.com/-XZAfHZM39UwaGJIFWKAE8fS0ak=/v3/t/assets/p3783_p_v8_ai.jpg,https://www.rottentomatoes.com/m/harold_and_maude
129,HARRY POTTER AND THE PRISONER OF AZKABAN,https://resizing.flixster.com/02U27cXJ-Ac_i2E1byq1rDf-lfs=/fit-in/180x240/v2/https://resizing.flixster.com/-XZAfHZM39UwaGJIFWKAE8fS0ak=/v3/t/assets/p34483_p_v12_bb.jpg,https://www.rottentomatoes.com/m/harry_potter_and_the_prisoner_of_azkaban
130,THE HATE U GIVE,https://resizing.flixster.com/doFacyjUay82VtzMcRJsRa54Em4=/fit-in/180x240/v2/https://resizing.flixster.com/-XZAfHZM39UwaGJIFWKAE8fS0ak=/v3/t/assets/p15456641_p_v8_aa.jpg,https://www.rottentomatoes.com/m/the_hate_u_give
131,HEAT,https://resizing.flixster.com/66UsMKklbSqzjW5VmllI6MoDhtM=/fit-in/180x240/v2/https://resizing.flixster.com/-XZAfHZM39UwaGJIFWKAE8fS0ak=/v3/t/assets/p17455_p_v8_ae.jpg,https://www.rottentomatoes.com/m/heat_1995
132,HEATHERS,https://resizing.flixster.com/w4oc5jfTjG7Y1e8aMJv9LjCY6NA=/fit-in/180x240/v2/https://resizing.flixster.com/-8sajZ7wJrSK3h3YXT8aizQ89fQ=/ems.cHJkLWVtcy1hc3NldHMvbW92aWVzLzAxNmU5YjNiLTZlMmUtNGM1Mi1hMWQzLTJjZDk2OWM4MTgxNS5qcGc=,https://www.rottentomatoes.com/m/heathers
133,HEDWIG AND THE ANGRY INCH,https://resizing.flixster.com/hiDsAIdi_9vp_namdSy5B0OwBpA=/fit-in/180x240/v2/https://resizing.flixster.com/-XZAfHZM39UwaGJIFWKAE8fS0ak=/v3/t/assets/p27370_p_v12_ae.jpg,https://www.rottentomatoes.com/m/hedwig_and_the_angry_inch
134,HERO,https://resizing.flixster.com/SfIj8dHrA2UaMzVuNVZ30shdCG8=/fit-in/180x240/v2/https://resizing.flixster.com/-XZAfHZM39UwaGJIFWKAE8fS0ak=/v3/t/assets/p34738_p_v8_ae.jpg,https://www.rottentomatoes.com/m/hero
135,HIGH NOON,https://resizing.flixster.com/LnLHvD3DR2aRqnQ9lUP1EjUxU9I=/fit-in/180x240/v2/https://resizing.flixster.com/-XZAfHZM39UwaGJIFWKAE8fS0ak=/v3/t/assets/p739_p_v11_ai.jpg,https://www.rottentomatoes.com/m/1046060-high_noon
136,HIS GIRL FRIDAY,https://resizing.flixster.com/rNohnH8gak7T35LgdYxJ__g6BZw=/fit-in/180x240/v2/https://resizing.flixster.com/-XZAfHZM39UwaGJIFWKAE8fS0ak=/v3/t/assets/p801_p_v8_aa.jpg,https://www.rottentomatoes.com/m/his_girl_friday
137,THE HUNT,https://resizing.flixster.com/QnxrPQQKr9u_lou_HBtFxoFpjAw=/fit-in/180x240/v2/https://resizing.flixster.com/-XZAfHZM39UwaGJIFWKAE8fS0ak=/v3/t/assets/p9585817_p_v8_ad.jpg,https://www.rottentomatoes.com/m/the_hunt_2013
138,IKIRU,https://resizing.flixster.com/E2NKWnmkwoOZ9Lis4znwI4CWpQc=/fit-in/180x240/v2/https://resizing.flixster.com/-XZAfHZM39UwaGJIFWKAE8fS0ak=/v3/t/assets/p7814_p_v10_aa.jpg,https://www.rottentomatoes.com/m/ikiru
139,IN THE HEAT OF THE NIGHT,https://resizing.flixster.com/LlDeDR2nRgwlGqEqNaKrkTnCyK0=/fit-in/180x240/v2/https://resizing.flixster.com/-XZAfHZM39UwaGJIFWKAE8fS0ak=/v3/t/assets/p2466_p_v8_ai.jpg,https://www.rottentomatoes.com/m/in_the_heat_of_the_night
140,IN THE MOOD FOR LOVE,https://resizing.flixster.com/MGTN5GyBl6yvkAYXEBklkMmO9pM=/fit-in/180x240/v2/https://resizing.flixster.com/JiKhYY6ezF5gebJkR2gPLMBq3lI=/ems.cHJkLWVtcy1hc3NldHMvbW92aWVzLzQ5MGE5YWJlLTAzMzgtNGRmOC1iMWQ1LTlhZjFjYjg3MmY3ZS5qcGc=,https://www.rottentomatoes.com/m/in_the_mood_for_love_2001
141,INCEPTION,https://resizing.flixster.com/DiuK_sbZZJWia0hksraIAFZDMj0=/fit-in/180x240/v2/https://resizing.flixster.com/-XZAfHZM39UwaGJIFWKAE8fS0ak=/v3/t/assets/p7825626_p_v8_af.jpg,https://www.rottentomatoes.com/m/inception
142,INGLOURIOUS BASTERDS,https://resizing.flixster.com/JkvEOuImG0P_N70SdAicyGUfZbQ=/fit-in/180x240/v2/https://resizing.flixster.com/-XZAfHZM39UwaGJIFWKAE8fS0ak=/v3/t/assets/p193875_p_v7_aq.jpg,https://www.rottentomatoes.com/m/inglourious_basterds
143,INSIDE OUT,https://resizing.flixster.com/FKt0mFzKJnAYtfwHvsLCJgQGR7I=/fit-in/180x240/v2/https://resizing.flixster.com/-XZAfHZM39UwaGJIFWKAE8fS0ak=/v3/t/assets/p10840532_p_v13_al.jpg,https://www.rottentomatoes.com/m/inside_out_2015
144,THE IRON GIANT,https://resizing.flixster.com/IL-I3mJNCrWiPbIdM2uxW2jbREE=/fit-in/180x240/v2/https://resizing.flixster.com/-XZAfHZM39UwaGJIFWKAE8fS0ak=/v3/t/assets/p23609_p_v8_aj.jpg,https://www.rottentomatoes.com/m/iron_giant
145,IRON MAN,https://resizing.flixster.com/ihlpiLqY91oIUjw7KCagfqIBd-4=/fit-in/180x240/v2/https://resizing.flixster.com/-XZAfHZM39UwaGJIFWKAE8fS0ak=/v3/t/assets/p170620_p_v8_az.jpg,https://www.rottentomatoes.com/m/iron_man
146,IT HAPPENED ONE NIGHT,https://resizing.flixster.com/mQ48kJrrx4Zh7Tv0z1GKWSHPZJo=/fit-in/180x240/v2/https://resizing.flixster.com/-XZAfHZM39UwaGJIFWKAE8fS0ak=/v3/t/assets/p3584_p_v8_aa.jpg,https://www.rottentomatoes.com/m/it_happened_one_night
147,IT'S A WONDERFUL LIFE,https://resizing.flixster.com/zb0ZIq7xDKKDGOvgW-S9zfDqHBM=/fit-in/180x240/v2/https://resizing.flixster.com/KtxJkxlThWNMRe5c4XyCY3MtOf4=/ems.cHJkLWVtcy1hc3NldHMvbW92aWVzLzAyMzYzYTAxLTU3ZjgtNDg1MS1iNjVlLTBkNTVhYWEzNzNjZi5qcGc=,https://www.rottentomatoes.com/m/its_a_wonderful_life
148,JAWS,https://resizing.flixster.com/xOAeO8lhaRNEJXvQBS1rWq3SdWQ=/fit-in/180x240/v2/https://resizing.flixster.com/-XZAfHZM39UwaGJIFWKAE8fS0ak=/v3/t/assets/p8174_p_v8_av.jpg,https://www.rottentomatoes.com/m/jaws
149,JOHN WICK,https://resizing.flixster.com/hhIYfTHqIDvKS1zRonipZLXJw1U=/fit-in/180x240/v2/https://resizing.flixster.com/YGhqvw5DEj6kmov8fbvF5P9QWRo=/ems.cHJkLWVtcy1hc3NldHMvbW92aWVzLzg2OGYzN2Q1LWFhYjUtNDk2Yy04N2Q0LTE5YWEyNDQ4Yjg3ZC5qcGc=,https://www.rottentomatoes.com/m/john_wick
150,JURASSIC PARK,https://resizing.flixster.com/PxKNbbe-3zA2Z_vDSu-jE8RvkKg=/fit-in/180x240/v2/https://resizing.flixster.com/dqWYuJel6FX3Ox51DWfMv77fChM=/ems.cHJkLWVtcy1hc3NldHMvbW92aWVzLzU5OWIyYTUzLTVmNTQtNDIxMS04MTdmLWU3ZDc5YmQ5YjM2Zi5qcGc=,https://www.rottentomatoes.com/m/jurassic_park
151,KING KONG,https://resizing.flixster.com/EtAowPMrKpzk9OuCYjGtUSdeab0=/fit-in/180x240/v2/https://resizing.flixster.com/squJnm4ZOEI3xdLZTEIWCm3qLpY=/ems.cHJkLWVtcy1hc3NldHMvbW92aWVzLzVjNThlMTQyLTBiMjItNDNiMy1iZjg3LTE4NGUwMWE0NmM1MC5qcGc=,https://www.rottentomatoes.com/m/1011615-king_kong
152,L.A. CONFIDENTIAL,https://resizing.flixster.com/AsFK_hZjOw2jT1elg7vvFuhXzg8=/fit-in/180x240/v2/https://resizing.flixster.com/-XZAfHZM39UwaGJIFWKAE8fS0ak=/v3/t/assets/p19411_p_v12_ah.jpg,https://www.rottentomatoes.com/m/la_confidential
153,L'AVVENTURA,https://resizing.flixster.com/NUUWYwVzcZ4s3A56F_HvR2uOmJ8=/fit-in/180x240/v2/https://resizing.flixster.com/-XZAfHZM39UwaGJIFWKAE8fS0ak=/v3/t/assets/p6635_p_v8_aa.jpg,https://www.rottentomatoes.com/m/lavventura
154,LA BAMBA,https://resizing.flixster.com/1v_Ng7QvECJbUDxPEm1tXMCv4uw=/fit-in/180x240/v2/https://resizing.flixster.com/-XZAfHZM39UwaGJIFWKAE8fS0ak=/v3/t/assets/p10002_p_v8_ae.jpg,https://www.rottentomatoes.com/m/la_bamba
155,LA DOLCE VITA,https://resizing.flixster.com/kRSnH7QnsQUS-EIg_q4AHljR1tI=/fit-in/180x240/v2/https://resizing.flixster.com/-XZAfHZM39UwaGJIFWKAE8fS0ak=/v3/t/assets/p6332_v_v8_ab.jpg,https://www.rottentomatoes.com/m/la_dolce_vita
156,LADY BIRD,https://resizing.flixster.com/_Jxthr0CuhsrBk5S2s4rxHpMI_U=/fit-in/180x240/v2/https://resizing.flixster.com/LOtla2hZ_dEZ8mLjLKYYUX5NLyo=/ems.cHJkLWVtcy1hc3NldHMvbW92aWVzLzI4MjU0NjdiLTMwYTQtNDVmNy1hYjdjLWYwNTk5NTc0MGQ3MC53ZWJw,https://www.rottentomatoes.com/m/lady_bird
157,THE LADY EVE,https://resizing.flixster.com/txEEjExjQT53rgs4z24v5trBeto=/fit-in/180x240/v2/https://resizing.flixster.com/-XZAfHZM39UwaGJIFWKAE8fS0ak=/v3/t/assets/p1188_p_v8_aa.jpg,https://www.rottentomatoes.com/m/lady_eve
158,LAWRENCE OF ARABIA,https://resizing.flixster.com/Jg0AZJGtCrVNo2-e6ouwo6Ryo1s=/fit-in/180x240/v2/https://resizing.flixster.com/-XZAfHZM39UwaGJIFWKAE8fS0ak=/v3/t/assets/p3601_p_v12_bc.jpg,https://www.rottentomatoes.com/m/lawrence_of_arabia
159,LET THE RIGHT ONE IN,https://resizing.flixster.com/oLNICHyrHLPL5plt1nbXPHeHTy8=/fit-in/180x240/v2/https://resizing.flixster.com/-XZAfHZM39UwaGJIFWKAE8fS0ak=/v3/t/assets/p183697_p_v12_ao.jpg,https://www.rottentomatoes.com/m/let_the_right_one_in
160,LETHAL WEAPON,https://resizing.flixster.com/M6PYm9EkNyFLz3ATY-P7OIgOlag=/fit-in/180x240/v2/https://resizing.flixster.com/-XZAfHZM39UwaGJIFWKAE8fS0ak=/v3/t/assets/p9831_p_v8_at.jpg,https://www.rottentomatoes.com/m/lethal_weapon
161,LIKE WATER FOR CHOCOLATE,https://resizing.flixster.com/gKhLUpLOjZLEP1OlGqrX9Rd_p5I=/fit-in/180x240/v2/https://resizing.flixster.com/-XZAfHZM39UwaGJIFWKAE8fS0ak=/v3/t/assets/p19794_p_v8_ap.jpg,https://www.rottentomatoes.com/m/like_water_for_chocolate
162,THE LION KING,https://resizing.flixster.com/SkT8tfBcNJ2WpGTbUYcVsyuGebU=/fit-in/180x240/v2/https://resizing.flixster.com/-XZAfHZM39UwaGJIFWKAE8fS0ak=/v3/t/assets/p15766_p_v8_ab.jpg,https://www.rottentomatoes.com/m/the_lion_king
163,THE LITTLE MERMAID,https://resizing.flixster.com/TOaZ-Ea7sOj1hKtePHucHsjnU80=/fit-in/180x240/v2/https://resizing.flixster.com/-XZAfHZM39UwaGJIFWKAE8fS0ak=/v3/t/assets/p11958_p_v13_ab.jpg,https://www.rottentomatoes.com/m/the_little_mermaid_1989
164,LITTLE SHOP OF HORRORS,https://resizing.flixster.com/Wc8QTQm59nVcbSnH0BmeQs62Pcs=/fit-in/180x240/v2/https://resizing.flixster.com/-XZAfHZM39UwaGJIFWKAE8fS0ak=/v3/t/assets/p9673_p_v8_ai.jpg,https://www.rottentomatoes.com/m/1012515-little_shop_of_horrors
165,LOGAN,https://resizing.flixster.com/ebEHNopwMNZ7SR78LoAuwzCNxBA=/fit-in/180x240/v2/https://resizing.flixster.com/51dPxdHRE4zztJs60xLy9RBKyro=/ems.cHJkLWVtcy1hc3NldHMvbW92aWVzLzU0MTMxZTVlLWRmZGYtNDk5Ni1hYjc0LWJkZGM4MGMxMDkyNC53ZWJw,https://www.rottentomatoes.com/m/logan_2017
166,THE LORD OF THE RINGS: THE FELLOWSHIP OF THE RING,https://resizing.flixster.com/-uA6o07Lda5uhUPnxZPAs6vY3rc=/fit-in/180x240/v2/https://resizing.flixster.com/-XZAfHZM39UwaGJIFWKAE8fS0ak=/v3/t/assets/p28828_p_v8_ao.jpg,https://www.rottentomatoes.com/m/the_lord_of_the_rings_the_fellowship_of_the_ring
167,THE LORD OF THE RINGS: THE RETURN OF THE KING,https://resizing.flixster.com/j83kz3zl93OvuolCvcfZUpr4vhE=/fit-in/180x240/v2/https://resizing.flixster.com/-XZAfHZM39UwaGJIFWKAE8fS0ak=/v3/t/assets/p33156_p_v8_aq.jpg,https://www.rottentomatoes.com/m/the_lord_of_the_rings_the_return_of_the_king
168,THE LORD OF THE RINGS: THE TWO TOWERS,https://resizing.flixster.com/boFuLzX6R5QXXMPi9eNfyjt4Yfk=/fit-in/180x240/v2/https://resizing.flixster.com/-XZAfHZM39UwaGJIFWKAE8fS0ak=/v3/t/NowShowing/28574/28574_ab.jpg,https://www.rottentomatoes.com/m/the_lord_of_the_rings_the_two_towers
169,LOST IN TRANSLATION,https://resizing.flixster.com/1RMlPDWvw5FxstccwJ0G2RVqiHU=/fit-in/180x240/v2/https://resizing.flixster.com/-XZAfHZM39UwaGJIFWKAE8fS0ak=/v3/t/NowShowing/36617/36617_aa.jpg,https://www.rottentomatoes.com/m/lost_in_translation
170,LOVE & BASKETBALL,https://resizing.flixster.com/nRiV2ZjpFAALT_7rf2v2LbEizj8=/fit-in/180x240/v2/https://resizing.flixster.com/-XZAfHZM39UwaGJIFWKAE8fS0ak=/v3/t/NowShowing/23515/23515_aa.jpg,https://www.rottentomatoes.com/m/love_and_basketball
171,MAD MAX: FURY ROAD,https://resizing.flixster.com/5_I-_RHtHmyt_sLVMKfcCzXzyMk=/fit-in/180x240/v2/https://resizing.flixster.com/-XZAfHZM39UwaGJIFWKAE8fS0ak=/v3/t/assets/p10854488_p_v8_ao.jpg,https://www.rottentomatoes.com/m/mad_max_fury_road
172,MALCOLM X,https://resizing.flixster.com/qiRkxl7n12aTi-ut-abyAfi0PjM=/fit-in/180x240/v2/https://resizing.flixster.com/-XZAfHZM39UwaGJIFWKAE8fS0ak=/v3/t/assets/p14384_p_v8_ac.jpg,https://www.rottentomatoes.com/m/1042135-malcolm_x
173,THE MALTESE FALCON,https://resizing.flixster.com/FgejcS2Fxj5XtkzkMnF-e4xjr3w=/fit-in/180x240/v2/https://resizing.flixster.com/-XZAfHZM39UwaGJIFWKAE8fS0ak=/v3/t/assets/p2163_p_v8_aa.jpg,https://www.rottentomatoes.com/m/1013139-maltese_falcon
174,THE MANCHURIAN CANDIDATE,https://resizing.flixster.com/wWrNBkJejbLymCoeFmOAyQYKcvM=/fit-in/180x240/v2/https://resizing.flixster.com/-XZAfHZM39UwaGJIFWKAE8fS0ak=/v3/t/assets/p10903_p_v8_af.jpg,https://www.rottentomatoes.com/m/1013227-manchurian_candidate
175,THE MATRIX,https://resizing.flixster.com/sZzZi70xmfdTI7g_UrILEhIoIGY=/fit-in/180x240/v2/https://resizing.flixster.com/hTz9Ap43sCkvDiFvCkjmb1IWkUg=/ems.cHJkLWVtcy1hc3NldHMvbW92aWVzL2EwMGEwNmQxLTE1MGYtNGQwYS04ZDhlLWQ0MzYwOTQ5M2JlMC5qcGc=,https://www.rottentomatoes.com/m/matrix
176,MEAN GIRLS,https://resizing.flixster.com/ns_ltGK6L7ih4cP3gJiZjlxNYYg=/fit-in/180x240/v2/https://resizing.flixster.com/HtZiEfthbBdM_Idd_OB4ZsyfgMk=/ems.cHJkLWVtcy1hc3NldHMvbW92aWVzLzI2MTVlZjAyLTc1NTAtNGE2Zi1iNzk0LTQxN2ZmMTIyYzRiMC5qcGc=,https://www.rottentomatoes.com/m/mean_girls
177,METROPOLIS,https://resizing.flixster.com/utEywk33xcluQIrEfdnWeMfF55g=/fit-in/180x240/v2/https://resizing.flixster.com/-XZAfHZM39UwaGJIFWKAE8fS0ak=/v3/t/assets/p5638_p_v8_aa.jpg,https://www.rottentomatoes.com/m/1013775-metropolis
178,MODERN TIMES,https://resizing.flixster.com/a4XQsOLSHxaWR-0lnJBL5tpYVto=/fit-in/180x240/v2/https://resizing.flixster.com/-XZAfHZM39UwaGJIFWKAE8fS0ak=/v3/t/assets/p6870_p_v8_ab.jpg,https://www.rottentomatoes.com/m/modern_times
179,MONSOON WEDDING,https://resizing.flixster.com/HRl75dVY9JYe3cc8SBDYLa9zUWc=/fit-in/180x240/v2/https://resizing.flixster.com/-XZAfHZM39UwaGJIFWKAE8fS0ak=/v3/t/assets/p35595_p_v7_ab.jpg,https://www.rottentomatoes.com/m/monsoon_wedding
180,MONTY PYTHON AND THE HOLY GRAIL,https://resizing.flixster.com/At4NxpxGgIYclxVMwBSKDHSnhF4=/fit-in/180x240/v2/https://resizing.flixster.com/-XZAfHZM39UwaGJIFWKAE8fS0ak=/v3/t/assets/p629_p_v8_af.jpg,https://www.rottentomatoes.com/m/monty_python_and_the_holy_grail
181,MOONLIGHT,https://resizing.flixster.com/TUnX2ReGF14RL5pGq0rQ5lAB3F8=/fit-in/180x240/v2/https://resizing.flixster.com/HE1uYAymQPCdYxRQ4SQHAOmKE60=/ems.cHJkLWVtcy1hc3NldHMvbW92aWVzLzQ1MTIzMDlhLWJiMWUtNGVhOS05MjFhLTkyMjVmNDkzNDA5Yi53ZWJw,https://www.rottentomatoes.com/m/moonlight_2016
182,MULHOLLAND DR.,https://resizing.flixster.com/Qn7DGsUWhZpGmHlxrx06y-z5ABM=/fit-in/180x240/v2/https://resizing.flixster.com/-XZAfHZM39UwaGJIFWKAE8fS0ak=/v3/t/assets/p24885_p_v11_ao.jpg,https://www.rottentomatoes.com/m/mulholland_dr
183,MY LEFT FOOT,https://resizing.flixster.com/z20N51mTu-gp45BIZPEfwK0c7XM=/fit-in/180x240/v2/https://resizing.flixster.com/-XZAfHZM39UwaGJIFWKAE8fS0ak=/v3/t/assets/p11809_p_v11_aj.jpg,https://www.rottentomatoes.com/m/my_left_foot
184,MY NEIGHBOR TOTORO,https://resizing.flixster.com/AsNETD5k0rTCQkkFfl8My_S9D2A=/fit-in/180x240/v2/https://resizing.flixster.com/-XZAfHZM39UwaGJIFWKAE8fS0ak=/v3/t/assets/p160146_v_v8_ac.jpg,https://www.rottentomatoes.com/m/my_neighbor_totoro
185,NAKED,https://resizing.flixster.com/tRdB2xY4u-XWoRIzZ-wLaifT10Q=/fit-in/180x240/v2/https://resizing.flixster.com/-XZAfHZM39UwaGJIFWKAE8fS0ak=/v3/t/assets/p14794_p_v8_ab.jpg,https://www.rottentomatoes.com/m/1048185-naked
186,THE NAKED GUN,https://resizing.flixster.com/Vvzfio_lxjtegfbDQ2FfZ0P1GIg=/fit-in/180x240/v2/https://resizing.flixster.com/-XZAfHZM39UwaGJIFWKAE8fS0ak=/v3/t/assets/p11300_p_v8_ak.jpg,https://www.rottentomatoes.com/m/the_naked_gun_from_the_files_of_police_squad
187,NASHVILLE,https://resizing.flixster.com/nISSzEHRkWc8CbffyKtktDnFCMA=/fit-in/180x240/v2/https://resizing.flixster.com/-XZAfHZM39UwaGJIFWKAE8fS0ak=/v3/t/assets/p38888_p_v8_ab.jpg,https://www.rottentomatoes.com/m/nashville
188,NATIONAL LAMPOON'S ANIMAL HOUSE,https://resizing.flixster.com/hQrHI0eeFZ1At-5s_PNdP-NybAQ=/fit-in/180x240/v2/https://resizing.flixster.com/-XZAfHZM39UwaGJIFWKAE8fS0ak=/v3/t/assets/p3642_p_v8_aa.jpg,https://www.rottentomatoes.com/m/national_lampoons_animal_house
189,NETWORK,https://resizing.flixster.com/EL7VlCMMA08-ci5PJIL_uXWCBf4=/fit-in/180x240/v2/https://resizing.flixster.com/-XZAfHZM39UwaGJIFWKAE8fS0ak=/v3/t/assets/p16_p_v8_aa.jpg,https://www.rottentomatoes.com/m/network
190,THE NIGHT OF THE HUNTER,https://resizing.flixster.com/FCQfnLZF-8rIAqPIZrJcbi8GOG0=/fit-in/180x240/v2/https://resizing.flixster.com/-XZAfHZM39UwaGJIFWKAE8fS0ak=/v3/t/assets/p4360_p_v8_az.jpg,https://www.rottentomatoes.com/m/night_of_the_hunter
191,NIGHT OF THE LIVING DEAD,https://resizing.flixster.com/olyy7VzLDmRLGCeTqbbJIURTs0w=/fit-in/180x240/v2/https://resizing.flixster.com/-XZAfHZM39UwaGJIFWKAE8fS0ak=/v3/t/assets/p3946_p_v8_ad.jpg,https://www.rottentomatoes.com/m/night_of_the_living_dead
192,A NIGHTMARE ON ELM STREET,https://resizing.flixster.com/DbylaYa3lcaxEI0xznM_P7V840g=/fit-in/180x240/v2/https://resizing.flixster.com/-XZAfHZM39UwaGJIFWKAE8fS0ak=/v3/t/assets/p8572_p_v8_ad.jpg,https://www.rottentomatoes.com/m/nightmare_on_elm_street
193,NO COUNTRY FOR OLD MEN,https://resizing.flixster.com/1Uh9tmY1Sv4jvTMyGaj7hfuSfPI=/fit-in/180x240/v2/https://resizing.flixster.com/-XZAfHZM39UwaGJIFWKAE8fS0ak=/v3/t/NowShowing/61211/61211_aa.jpg,https://www.rottentomatoes.com/m/no_country_for_old_men
194,NORTH BY NORTHWEST,https://resizing.flixster.com/VnrLhTFEymoa3hMvSP5rcinMmcU=/fit-in/180x240/v2/https://resizing.flixster.com/-XZAfHZM39UwaGJIFWKAE8fS0ak=/v3/t/NowShowing/43198/43198_aa.jpg,https://www.rottentomatoes.com/m/north-by-northwest
195,NOTTING HILL,https://resizing.flixster.com/6eVGdR_qZlWyd3QIQunCRY_XyuE=/fit-in/180x240/v2/https://resizing.flixster.com/-XZAfHZM39UwaGJIFWKAE8fS0ak=/v3/t/assets/p22928_p_v12_bd.jpg,https://www.rottentomatoes.com/m/notting_hill
196,OLDBOY,https://resizing.flixster.com/Gm7UqV-zb1avhyh5MwSjfXCMoHU=/fit-in/180x240/v2/https://resizing.flixster.com/A4O8aEoaCjZEfnOEFvH8nUmxTtI=/ems.cHJkLWVtcy1hc3NldHMvbW92aWVzLzZjMjAzODE0LWQ3YTItNDg0NC1iMTY5LTIzOGJmZDM0ZTZjOC5qcGc=,https://www.rottentomatoes.com/m/oldboy
197,ON THE WATERFRONT,https://resizing.flixster.com/1tepAzYLNc1ysJpMPC9bMGBLFrU=/fit-in/180x240/v2/https://resizing.flixster.com/-XZAfHZM39UwaGJIFWKAE8fS0ak=/v3/t/assets/p467_p_v8_aa.jpg,https://www.rottentomatoes.com/m/on_the_waterfront
198,ONE FLEW OVER THE CUCKOO'S NEST,https://resizing.flixster.com/zCa4zZWGbwDYq2yKyEvRL5vhclE=/fit-in/180x240/v2/https://resizing.flixster.com/-XZAfHZM39UwaGJIFWKAE8fS0ak=/v3/t/assets/p7289_p_v8_aa.jpg,https://www.rottentomatoes.com/m/one_flew_over_the_cuckoos_nest
199,ONLY YESTERDAY,https://resizing.flixster.com/iGL_yCEnaSH3XOZrLXTqgUFsyTA=/fit-in/180x240/v2/https://resizing.flixster.com/GMXOIc2qji2sLUuSxsvngLTkb3M=/ems.cHJkLWVtcy1hc3NldHMvbW92aWVzL2JlNWVkYTQ2LWVjN2EtNDE0ZS1hZjkzLTcxNzFmNzJhMTc3YS53ZWJw,https://www.rottentomatoes.com/m/only_yesterday_1991
200,OPEN CITY,https://resizing.flixster.com/NeRR8Es0EJ1yAi1UkQz9GVrW2M8=/fit-in/180x240/v2/https://resizing.flixster.com/-XZAfHZM39UwaGJIFWKAE8fS0ak=/v3/t/assets/p16068_v_v8_ab.jpg,https://www.rottentomatoes.com/m/open_city
201,PAN'S LABYRINTH,https://resizing.flixster.com/rKXXRpwZGDm8xpeynNYrBqdJkss=/fit-in/180x240/v2/https://resizing.flixster.com/-XZAfHZM39UwaGJIFWKAE8fS0ak=/v3/t/assets/p162074_p_v8_ab.jpg,https://www.rottentomatoes.com/m/pans_labyrinth
202,PANDORA'S BOX,https://resizing.flixster.com/4prRuPNsdYutriXK6XLW3F6OfKI=/fit-in/180x240/v2/https://resizing.flixster.com/-XZAfHZM39UwaGJIFWKAE8fS0ak=/v3/t/assets/p7513_p_v8_ad.jpg,https://www.rottentomatoes.com/m/pandoras_box
203,PARASITE,https://resizing.flixster.com/TgfElSYWeDmBiu5Lar3scWtkUk4=/fit-in/180x240/v2/https://resizing.flixster.com/0nQ2niq2j-E4gdW_kB5H606atmc=/ems.cHJkLWVtcy1hc3NldHMvbW92aWVzLzZlZWEwMmY4LTk1OWUtNGEyOS04ODRmLTA0OWRjMzhlYWZkNi53ZWJw,https://www.rottentomatoes.com/m/parasite_2019
204,THE PASSION OF JOAN OF ARC,https://resizing.flixster.com/r3ICR5FYD92Fz_Xlo9Ms73e-_Ck=/fit-in/180x240/v2/https://resizing.flixster.com/-XZAfHZM39UwaGJIFWKAE8fS0ak=/v3/t/assets/p17112_p_v8_af.jpg,https://www.rottentomatoes.com/m/passion_of_joan_of_arc
205,PATHER PANCHALI,https://resizing.flixster.com/FvnbwaTXwRbKPa34DZw27XVjnQ4=/fit-in/180x240/v2/https://resizing.flixster.com/czNO7i4EK-F7ng1wv_lppjkoxaE=/ems.cHJkLWVtcy1hc3NldHMvbW92aWVzL2ViNDQ3YWQxLTY5ZjAtNDM4NC1hNmYwLTFkNDQ1YzViYWI4Mi53ZWJw,https://www.rottentomatoes.com/m/pather_panchali
206,THE PHILADELPHIA STORY,https://resizing.flixster.com/_4QeWOv6tloxQjCmhUXcigcIlJg=/fit-in/180x240/v2/https://resizing.flixster.com/-XZAfHZM39UwaGJIFWKAE8fS0ak=/v3/t/NowShowing/43366/43366_aa.jpg,https://www.rottentomatoes.com/m/philadelphia_story
207,THE PIANO,https://resizing.flixster.com/eQYZDvUpKYhhg6SIDIqfccRHS30=/fit-in/180x240/v2/https://resizing.flixster.com/-XZAfHZM39UwaGJIFWKAE8fS0ak=/v3/t/assets/p14832_p_v8_ao.jpg,https://www.rottentomatoes.com/m/piano
208,PINOCCHIO,https://resizing.flixster.com/RHjKVwmhXioYPc4n0YPZjrxwTCQ=/fit-in/180x240/v2/https://resizing.flixster.com/9DS4LnhK6sKEfJRY6N2wkOJooII=/ems.cHJkLWVtcy1hc3NldHMvbW92aWVzLzYwODY2MjRjLTc3OGEtNDIyMS05MDJjLTE2MjE0YjY2NDY0Zi5qcGc=,https://www.rottentomatoes.com/m/pinocchio_1940
209,PITCH PERFECT,https://resizing.flixster.com/GtdHG8h0qjEtGSN-AFIRufb9WfA=/fit-in/180x240/v2/https://resizing.flixster.com/-XZAfHZM39UwaGJIFWKAE8fS0ak=/v3/t/assets/p9276475_p_v8_ax.jpg,https://www.rottentomatoes.com/m/pitch_perfect
210,THE PLAYER,https://resizing.flixster.com/X0JvfVKTVOMFWWvH3pzzmOfJD8E=/fit-in/180x240/v2/https://resizing.flixster.com/-XZAfHZM39UwaGJIFWKAE8fS0ak=/v3/t/assets/p13832_p_v8_at.jpg,https://www.rottentomatoes.com/m/player
211,PLAYTIME,https://resizing.flixster.com/ggRCcuuUCQD2fV5TDnrDqEQqOqc=/fit-in/180x240/v2/https://resizing.flixster.com/-XZAfHZM39UwaGJIFWKAE8fS0ak=/v3/t/assets/p6630_p_v8_aa.jpg,https://www.rottentomatoes.com/m/playtime
212,PORTRAIT OF A LADY ON FIRE,https://resizing.flixster.com/AmSHDmflpmzX5kC2bXVz_mtc65M=/fit-in/180x240/v2/https://resizing.flixster.com/-XZAfHZM39UwaGJIFWKAE8fS0ak=/v3/t/assets/p16966257_p_v8_ac.jpg,https://www.rottentomatoes.com/m/portrait_of_a_lady_on_fire
213,PRETTY IN PINK,https://resizing.flixster.com/SWa-k4g4IsqBTW1WglINsK_W5-0=/fit-in/180x240/v2/https://resizing.flixster.com/-XZAfHZM39UwaGJIFWKAE8fS0ak=/v3/t/assets/p9056_p_v8_aa.jpg,https://www.rottentomatoes.com/m/pretty_in_pink
214,THE PRINCESS BRIDE,https://resizing.flixster.com/OxkdFHCu_4uBlsc_dsRTk4YDmBk=/fit-in/180x240/v2/https://resizing.flixster.com/-XZAfHZM39UwaGJIFWKAE8fS0ak=/v3/t/assets/p10305_p_v8_ae.jpg,https://www.rottentomatoes.com/m/princess_bride
215,PRINCESS MONONOKE,https://resizing.flixster.com/hu1lCto6ko4PjggysYKsEvq6fJU=/fit-in/180x240/v2/https://resizing.flixster.com/-XZAfHZM39UwaGJIFWKAE8fS0ak=/v3/t/assets/p23052_p_v8_ae.jpg,https://www.rottentomatoes.com/m/princess_mononoke
216,PSYCHO,https://resizing.flixster.com/EsHOEUrdERKLA3ogZtLCG9-lky4=/fit-in/180x240/v2/https://resizing.flixster.com/-XZAfHZM39UwaGJIFWKAE8fS0ak=/v3/t/assets/p283_p_v8_an.jpg,https://www.rottentomatoes.com/m/psycho
217,PULP FICTION,https://resizing.flixster.com/YHhf_ispHVddTg7pPmdUl0j1Auk=/fit-in/180x240/v2/https://resizing.flixster.com/-XZAfHZM39UwaGJIFWKAE8fS0ak=/v3/t/assets/p15684_p_v8_af.jpg,https://www.rottentomatoes.com/m/pulp_fiction
218,RAFIKI,https://resizing.flixster.com/XDyQGxrAdQaCYYemLbyfNZng24k=/fit-in/180x240/v2/https://resizing.flixster.com/-XZAfHZM39UwaGJIFWKAE8fS0ak=/v3/t/assets/p16129979_p_v8_ab.jpg,https://www.rottentomatoes.com/m/rafiki_2019
219,RAGING BULL,https://resizing.flixster.com/3QswVzfV_FhHoki97y5MXnxeK2M=/fit-in/180x240/v2/https://resizing.flixster.com/-XZAfHZM39UwaGJIFWKAE8fS0ak=/v3/t/assets/p30_p_v8_aa.jpg,https://www.rottentomatoes.com/m/raging_bull
220,RAIDERS OF THE LOST ARK,https://resizing.flixster.com/sY-fmnz2i03PnP7XL1_Qx_qwqrY=/fit-in/180x240/v2/https://resizing.flixster.com/hsDkcEPJ4iMDkn7z-MdA4S635eA=/ems.cHJkLWVtcy1hc3NldHMvbW92aWVzL2U2ODlhNDNkLTYzNzAtNDNlZi05NjJhLTM4ZTZlNzBiOTA4ZC5qcGc=,https://www.rottentomatoes.com/m/raiders_of_the_lost_ark
221,RASHOMON,https://resizing.flixster.com/WLU_oege_Ai5ZqzcK3sRIWO07RE=/fit-in/180x240/v2/https://resizing.flixster.com/-XZAfHZM39UwaGJIFWKAE8fS0ak=/v3/t/assets/p3038_p_v8_aa.jpg,https://www.rottentomatoes.com/m/rashomon
222,REAR WINDOW,https://resizing.flixster.com/S5_cDCt70NmcT-7Fxj3viEZr7MI=/fit-in/180x240/v2/https://resizing.flixster.com/-XZAfHZM39UwaGJIFWKAE8fS0ak=/v3/t/NowShowing/4082/4082_aa.jpg,https://www.rottentomatoes.com/m/1017289-rear_window
223,THE RED SHOES,https://resizing.flixster.com/QGX-mlfqGSf-wCjdCQZXuR3xseE=/fit-in/180x240/v2/https://resizing.flixster.com/-XZAfHZM39UwaGJIFWKAE8fS0ak=/v3/t/assets/p3906_p_v8_ae.jpg,https://www.rottentomatoes.com/m/1017346-red_shoes
224,REPO MAN,https://resizing.flixster.com/cpt6BStKYjdrZVWd_qakfyxHoMU=/fit-in/180x240/v2/https://resizing.flixster.com/-XZAfHZM39UwaGJIFWKAE8fS0ak=/v3/t/assets/p8168_p_v8_aa.jpg,https://www.rottentomatoes.com/m/repo_man
225,REQUIEM FOR A DREAM,https://resizing.flixster.com/O0Wm6xXIaH9f28_ZkndBsHnnPeU=/fit-in/180x240/v2/https://resizing.flixster.com/-XZAfHZM39UwaGJIFWKAE8fS0ak=/v3/t/assets/p25574_p_v8_am.jpg,https://www.rottentomatoes.com/m/requiem_for_a_dream
226,ROBOCOP,https://resizing.flixster.com/5yklqvnfc-Rdjw5qOCM3SJD-0bI=/fit-in/180x240/v2/https://resizing.flixster.com/-XZAfHZM39UwaGJIFWKAE8fS0ak=/v3/t/assets/p10144_p_v8_av.jpg,https://www.rottentomatoes.com/m/1017712-robocop
227,ROCKY,https://resizing.flixster.com/KjBb_fNPqxMP8ZjpmpF1dOG3un4=/fit-in/180x240/v2/https://resizing.flixster.com/85IHctnhkxlG43kXcJY2I20tb2U=/ems.cHJkLWVtcy1hc3NldHMvbW92aWVzL2NjMzI2NzNlLWNiYWYtNGFmZS04NGJkLTFlZmVkOWYwMjlmMy5qcGc=,https://www.rottentomatoes.com/m/1017776-rocky
228,ROMAN HOLIDAY,https://resizing.flixster.com/2Nv-satmG2x2OSLz3NJD8fEQu2E=/fit-in/180x240/v2/https://resizing.flixster.com/fXpd4jqM2kv43Gr-NdSPpmbTE9A=/ems.cHJkLWVtcy1hc3NldHMvbW92aWVzLzA2ZjcyZTZiLTlhM2EtNGY4Yy1hMWU5LTc1ODVjNTBlYmQzMi5qcGc=,https://www.rottentomatoes.com/m/roman_holiday
229,ROSEMARY'S BABY,https://resizing.flixster.com/tiQ3NTeZoORp6M7t7Z5mbU9o4k0=/fit-in/180x240/v2/https://resizing.flixster.com/-XZAfHZM39UwaGJIFWKAE8fS0ak=/v3/t/assets/p1845_p_v8_aa.jpg,https://www.rottentomatoes.com/m/rosemarys_baby
230,THE RULES OF THE GAME,https://resizing.flixster.com/9c8qpxHTWGT7VrjJr6UUrglu1vE=/fit-in/180x240/v2/https://resizing.flixster.com/-XZAfHZM39UwaGJIFWKAE8fS0ak=/v3/t/assets/p1588_p_v8_ae.jpg,https://www.rottentomatoes.com/m/the_rules_of_the_game
231,SAVING FACE,https://resizing.flixster.com/zzME48c4wyICE3Llh1kzOgSv2ec=/fit-in/180x240/v2/https://resizing.flixster.com/-XZAfHZM39UwaGJIFWKAE8fS0ak=/v3/t/assets/p88291_p_v11_af.jpg,https://www.rottentomatoes.com/m/saving_face
232,SAVING PRIVATE RYAN,https://resizing.flixster.com/XVNAznyRbCLqsckGZpqtGCwAHcs=/fit-in/180x240/v2/https://resizing.flixster.com/e4XDrbw7Fd7VYePV7cxB8sQV3eA=/ems.cHJkLWVtcy1hc3NldHMvbW92aWVzLzc1MDczNGJlLWNjN2EtNGIxMS1iOWM5LWJjYTUwODk4MzA5Yy53ZWJw,https://www.rottentomatoes.com/m/saving_private_ryan
233,SAY ANYTHING...,https://resizing.flixster.com/Xl24n8ouuKcre_aupk8JtHNANYs=/fit-in/180x240/v2/https://resizing.flixster.com/-XZAfHZM39UwaGJIFWKAE8fS0ak=/v3/t/assets/p11559_p_v12_aa.jpg,https://www.rottentomatoes.com/m/say_anything
234,SCARFACE,https://resizing.flixster.com/c7oLMPQHDhrt7aa8KUdSVG9UT7U=/fit-in/180x240/v2/https://resizing.flixster.com/xqpbVMOd3KhO_ryiETThKCwstxk=/ems.cHJkLWVtcy1hc3NldHMvbW92aWVzLzUwNzhhMWVhLWQ0YmItNDRiMi04MzE1LTc4ZjBiYWVhOWRmZi5qcGc=,https://www.rottentomatoes.com/m/scarface
235,SCHINDLER'S LIST,https://resizing.flixster.com/CyCMZt28ObVjCxE8FXnVeGTOz2s=/fit-in/180x240/v2/https://resizing.flixster.com/P3NTptLJcIlWlLQwZMTWcITYaoY=/ems.cHJkLWVtcy1hc3NldHMvbW92aWVzLzlmMTBiZGYxLTFjZTctNGZiZS05OGU4LTAxNGIzNGZmNTVlMy5qcGc=,https://www.rottentomatoes.com/m/schindlers_list
236,SCREAM,https://resizing.flixster.com/TpHHXE1gqeArU5p3Ru-TWFZ0G1g=/fit-in/180x240/v2/https://resizing.flixster.com/-XZAfHZM39UwaGJIFWKAE8fS0ak=/v3/t/assets/p18852_p_v10_al.jpg,https://www.rottentomatoes.com/m/1074316-scream
237,THE SEA INSIDE,https://resizing.flixster.com/FZzL5RZE8ZEtrs-aZmKzKGhe-DY=/fit-in/180x240/v2/https://resizing.flixster.com/-XZAfHZM39UwaGJIFWKAE8fS0ak=/v3/t/assets/p35192_p_v8_ai.jpg,https://www.rottentomatoes.com/m/sea_inside
238,THE SEARCHERS,https://resizing.flixster.com/5xXCi-myEDgrbT_fFlGVRgT848I=/fit-in/180x240/v2/https://resizing.flixster.com/-XZAfHZM39UwaGJIFWKAE8fS0ak=/v3/t/assets/p2894_p_v8_aa.jpg,https://www.rottentomatoes.com/m/searchers
239,SELMA,https://resizing.flixster.com/LUCvU0hBdtgHPfC_GeUoAN6urp0=/fit-in/180x240/v2/https://resizing.flixster.com/Lk4Rbo-fk3X7QMms30fcwVyFAFg=/ems.cHJkLWVtcy1hc3NldHMvbW92aWVzL2I4YWYyNTM4LTlkZTAtNDA0NS05OTRhLWFmYWNlZGQ1Y2RiYS53ZWJw,https://www.rottentomatoes.com/m/selma
240,SEVEN,https://resizing.flixster.com/Fm8PFGEat9zEzg2Hh-xnWzOem_I=/fit-in/180x240/v2/https://resizing.flixster.com/-XZAfHZM39UwaGJIFWKAE8fS0ak=/v3/t/assets/p17198_p_v8_ao.jpg,https://www.rottentomatoes.com/m/seven
241,SEVEN SAMURAI,https://resizing.flixster.com/P_C8vGfh2up4kG_xrK1NV2XOlGQ=/fit-in/180x240/v2/https://resizing.flixster.com/-XZAfHZM39UwaGJIFWKAE8fS0ak=/v3/t/assets/p5588_p_v8_au.jpg,https://www.rottentomatoes.com/m/seven_samurai_1956
242,THE SEVENTH SEAL,https://resizing.flixster.com/6LgyqIfijgtjBTeTmWrkzvQ3jyE=/fit-in/180x240/v2/https://resizing.flixster.com/-XZAfHZM39UwaGJIFWKAE8fS0ak=/v3/t/assets/p31330_p_v12_ai.jpg,https://www.rottentomatoes.com/m/seventh_seal
243,SHAFT,https://resizing.flixster.com/B8oVWrYtMPBCc535N22UwGSDD7o=/fit-in/180x240/v2/https://resizing.flixster.com/-XZAfHZM39UwaGJIFWKAE8fS0ak=/v3/t/assets/p4363_p_v8_an.jpg,https://www.rottentomatoes.com/m/1018699-shaft
244,SHAUN OF THE DEAD,https://resizing.flixster.com/8gTezAOTdHQ3WUfa5Y7voYF6jLM=/fit-in/180x240/v2/https://resizing.flixster.com/uHQze3m0zFvdGIj6ncFvXlopht4=/ems.cHJkLWVtcy1hc3NldHMvbW92aWVzLzFjMTU5MjI4LWIxOTYtNDVhZS04OTZjLTZiZmU0NmNhZTI0OS5qcGc=,https://www.rottentomatoes.com/m/shaun_of_the_dead
245,THE SHAWSHANK REDEMPTION,https://resizing.flixster.com/dZwKCiZr55JZ_P7vgUukELZxmHM=/fit-in/180x240/v2/https://resizing.flixster.com/-XZAfHZM39UwaGJIFWKAE8fS0ak=/v3/t/assets/p15987_p_v12_at.jpg,https://www.rottentomatoes.com/m/shawshank_redemption
246,THE SHINING,https://resizing.flixster.com/DukcauxDqucp7E4PZC6X228SCeo=/fit-in/180x240/v2/https://resizing.flixster.com/-XZAfHZM39UwaGJIFWKAE8fS0ak=/v3/t/assets/p40_p_v8_ar.jpg,https://www.rottentomatoes.com/m/shining
247,SHOPLIFTERS,https://resizing.flixster.com/ist-D2e6X1rnEfHBAndv9rRNM6k=/fit-in/180x240/v2/https://resizing.flixster.com/je2582jaRvOGHOcSVK8TPrautMU=/ems.cHJkLWVtcy1hc3NldHMvbW92aWVzL2FiMjUwYjUyLThiZjMtNDFlZi05MDliLWMxOTc3MTZmYjkzNS53ZWJw,https://www.rottentomatoes.com/m/shoplifters
248,SHREK,https://resizing.flixster.com/ywsxeXjIsHsd8TpUf-2Si3mxlWA=/fit-in/180x240/v2/https://resizing.flixster.com/-XZAfHZM39UwaGJIFWKAE8fS0ak=/v3/t/assets/p27575_p_v8_ai.jpg,https://www.rottentomatoes.com/m/shrek
249,THE SILENCE OF THE LAMBS,https://resizing.flixster.com/7-lNwGZYmqtDrxyg6eQXHvAXMF4=/fit-in/180x240/v2/https://resizing.flixster.com/-XZAfHZM39UwaGJIFWKAE8fS0ak=/v3/t/assets/p13013_p_v11_as.jpg,https://www.rottentomatoes.com/m/silence_of_the_lambs
250,SINGIN' IN THE RAIN,https://resizing.flixster.com/Us21s-FCmmttaivSZPj-uAxg27w=/fit-in/180x240/v2/https://resizing.flixster.com/-XZAfHZM39UwaGJIFWKAE8fS0ak=/v3/t/assets/p4166_p_v8_ak.jpg,https://www.rottentomatoes.com/m/singin_in_the_rain
251,THE SIXTH SENSE,https://resizing.flixster.com/juXXtJIX6Hfno1NAFj-RXObRMCE=/fit-in/180x240/v2/https://resizing.flixster.com/-XZAfHZM39UwaGJIFWKAE8fS0ak=/v3/t/assets/p23611_p_v8_ah.jpg,https://www.rottentomatoes.com/m/sixth_sense
252,SLUMDOG MILLIONAIRE,https://resizing.flixster.com/sbBk0k0R2KtNZX4fQcrkQSc5gAs=/fit-in/180x240/v2/https://resizing.flixster.com/-XZAfHZM39UwaGJIFWKAE8fS0ak=/v3/t/assets/p179969_p_v8_ak.jpg,https://www.rottentomatoes.com/m/slumdog_millionaire
253,SNOW WHITE AND THE SEVEN DWARFS,https://resizing.flixster.com/DZR_8Ph6L7AKin8YU5vfv3dbd-o=/fit-in/180x240/v2/https://resizing.flixster.com/XlR_gK1jH0g36XzYIY-5CRa8FI4=/ems.cHJkLWVtcy1hc3NldHMvbW92aWVzLzY0Njc0Mzc4LTM2MGEtNGUzYS1hYjBkLTAzZmM4NTllYTM1ZC5qcGc=,https://www.rottentomatoes.com/m/snow_white_and_the_seven_dwarfs
254,SOLARIS,https://resizing.flixster.com/0YOBb9NCu-xziwVxr937Fcr1-jQ=/fit-in/180x240/v2/https://resizing.flixster.com/-XZAfHZM39UwaGJIFWKAE8fS0ak=/v3/t/assets/p35906_p_v8_ae.jpg,https://www.rottentomatoes.com/m/solaris_1976
255,SOME LIKE IT HOT,https://resizing.flixster.com/RyP-fJ8Hjz_rnnqjxZitLYUlTjc=/fit-in/180x240/v2/https://resizing.flixster.com/-XZAfHZM39UwaGJIFWKAE8fS0ak=/v3/t/assets/p3725_p_v8_aa.jpg,https://www.rottentomatoes.com/m/some_like_it_hot
256,THE SOUND OF MUSIC,https://resizing.flixster.com/9vFcSXWPhnyq5Q1VspTrXkWI6kE=/fit-in/180x240/v2/https://resizing.flixster.com/-XZAfHZM39UwaGJIFWKAE8fS0ak=/v3/t/assets/p5620_p_v8_av.jpg,https://www.rottentomatoes.com/m/sound_of_music
257,SPIDER-MAN: INTO THE SPIDER-VERSE,https://resizing.flixster.com/COy49LZEc-nJrgZ8DuQpTMqw4ig=/fit-in/180x240/v2/https://resizing.flixster.com/_l50Ahm00b-RO9Ao2s3AyMjUWiU=/ems.cHJkLWVtcy1hc3NldHMvbW92aWVzL2ExYTZmMWFkLWViZWItNDNhMS1iZTEwLTcxODk1YTk3NWFhMy53ZWJw,https://www.rottentomatoes.com/m/spider_man_into_the_spider_verse
258,SPIRITED AWAY,https://resizing.flixster.com/qgOUtrLFhR3EZpWtdSGN4r0a8Ew=/fit-in/180x240/v2/https://resizing.flixster.com/toMzSC_5b1NF7MxJ5-CJeL1S-Z8=/ems.cHJkLWVtcy1hc3NldHMvbW92aWVzLzRlY2RiZDcyLWU5ZmEtNDliMy1iOTMyLTYzNzhjY2RjOWIxNy5qcGc=,https://www.rottentomatoes.com/m/spirited_away
259,STAR WARS: EPISODE IV - A NEW HOPE,https://resizing.flixster.com/Id8VV5DyDhrCeltxW8ijwdVmjvY=/fit-in/180x240/v2/https://resizing.flixster.com/rIic1xQq9hyHMW6OJsCNOCVKRdw=/ems.cHJkLWVtcy1hc3NldHMvbW92aWVzLzQ4Y2VkZjJhLWRmMGYtNDljZC1iN2JhLTYzMjk1YzMxNWMwOC53ZWJw,https://www.rottentomatoes.com/m/star_wars_episode_iv_a_new_hope
260,STAR WARS: EPISODE V - THE EMPIRE STRIKES BACK,https://resizing.flixster.com/r-uApZLskYBrLnFnBYZBREe3AgA=/fit-in/180x240/v2/https://resizing.flixster.com/niYFsSzM4ZUEajogMi8Voh5cDc8=/ems.cHJkLWVtcy1hc3NldHMvbW92aWVzLzg5OWFjODY5LTdmZDctNDk2My04ZGRkLTYyZmRkZGYzMTQxMC53ZWJw,https://www.rottentomatoes.com/m/star_wars_episode_v_the_empire_strikes_back
261,STRAIGHT OUTTA COMPTON,https://resizing.flixster.com/prZURKOJv2XdyprNIiQy-M-TTic=/fit-in/180x240/v2/https://resizing.flixster.com/-XZAfHZM39UwaGJIFWKAE8fS0ak=/v3/t/assets/p11657883_p_v7_aq.jpg,https://www.rottentomatoes.com/m/straight_outta_compton
262,SUNSET BOULEVARD,https://resizing.flixster.com/KCZL4c3MCOBL0Yix2Tqp995mymw=/fit-in/180x240/v2/https://resizing.flixster.com/-XZAfHZM39UwaGJIFWKAE8fS0ak=/v3/t/NowShowing/953/953_aa.jpg,https://www.rottentomatoes.com/m/sunset_boulevard
263,SUPERBAD,https://resizing.flixster.com/I9cjZQZdPGvfxM2BQL4jB9ycQl0=/fit-in/180x240/v2/https://resizing.flixster.com/-XZAfHZM39UwaGJIFWKAE8fS0ak=/v3/t/NowShowing/59303/59303_aa.jpg,https://www.rottentomatoes.com/m/superbad
264,SUPERMAN: THE MOVIE,https://resizing.flixster.com/ry182R3XaFbSynkXqeP2LB1M0eU=/fit-in/180x240/v2/https://resizing.flixster.com/-XZAfHZM39UwaGJIFWKAE8fS0ak=/v3/t/NowShowing/10286/10286_aa.jpg,https://www.rottentomatoes.com/m/superman_the_movie
265,SUSPIRIA,https://resizing.flixster.com/c4yfpcsC_MMGqq5RHzZWYtoS2l4=/fit-in/180x240/v2/https://resizing.flixster.com/-XZAfHZM39UwaGJIFWKAE8fS0ak=/v3/t/assets/p8242_p_v8_aa.jpg,https://www.rottentomatoes.com/m/1020662-suspiria
266,THE TALE OF THE PRINCESS KAGUYA,https://resizing.flixster.com/WEEwvVFDcLdJFxrUVHDWvxUIZXY=/fit-in/180x240/v2/https://resizing.flixster.com/-XZAfHZM39UwaGJIFWKAE8fS0ak=/v3/t/assets/p10922577_p_v8_aa.jpg,https://www.rottentomatoes.com/m/the_tale_of_the_princess_kaguya
267,TANGERINE,https://resizing.flixster.com/WGPmqRMpCNfrO_GfZiV_gt7BGwo=/fit-in/180x240/v2/https://resizing.flixster.com/-XZAfHZM39UwaGJIFWKAE8fS0ak=/v3/t/assets/p11663255_p_v8_ad.jpg,https://www.rottentomatoes.com/m/tangerine_2015
268,TAXI DRIVER,https://resizing.flixster.com/jy8g4U-cA8aD-kbWK70v4vYuhtQ=/fit-in/180x240/v2/https://resizing.flixster.com/39PGj3sXu8dY9N-3Ss4IDLmUUU0=/ems.cHJkLWVtcy1hc3NldHMvbW92aWVzLzg3YmYxNDM4LTZiMWEtNGJkYi04ZmRjLTEyZTNhZWY4NzZhYy5qcGc=,https://www.rottentomatoes.com/m/taxi_driver
269,THE TERMINATOR,https://resizing.flixster.com/9_MzAhfvN6q29TFxY_GSwSSEmNw=/fit-in/180x240/v2/https://resizing.flixster.com/-XZAfHZM39UwaGJIFWKAE8fS0ak=/v3/t/assets/p7764_p_v8_au.jpg,https://www.rottentomatoes.com/m/terminator
270,TERMINATOR 2: JUDGMENT DAY,https://resizing.flixster.com/fmN-hvG5Ziivmkl-RG36E_juLz4=/fit-in/180x240/v2/https://resizing.flixster.com/-XZAfHZM39UwaGJIFWKAE8fS0ak=/v3/t/assets/p13308_p_v8_ag.jpg,https://www.rottentomatoes.com/m/terminator_2_judgment_day
271,THELMA & LOUISE,https://resizing.flixster.com/Yh27R5weSRXRoLP53YCJPFTiSYU=/fit-in/180x240/v2/https://resizing.flixster.com/UbwNlyKg82JlTNm6WPo8Mc5icbU=/ems.cHJkLWVtcy1hc3NldHMvbW92aWVzLzk1MmIwNGRjLTNhNzgtNGM0Yy04MWM4LTU4OWFjODQ1M2YxOS5qcGc=,https://www.rottentomatoes.com/m/thelma_and_louise
272,THERE WILL BE BLOOD,https://resizing.flixster.com/B3d542tMCigMkTbutgqUxnhxZ-g=/fit-in/180x240/v2/https://resizing.flixster.com/-XZAfHZM39UwaGJIFWKAE8fS0ak=/v3/t/NowShowing/61939/61939_ab.jpg,https://www.rottentomatoes.com/m/there_will_be_blood
273,THE THING,https://resizing.flixster.com/Z0kxWRBHav5zQk2yn4JJScWrse0=/fit-in/180x240/v2/https://resizing.flixster.com/-XZAfHZM39UwaGJIFWKAE8fS0ak=/v3/t/assets/p5550_p_v8_aa.jpg,https://www.rottentomatoes.com/m/1021244-thing
274,THE THIRD MAN,https://resizing.flixster.com/NMZ_79ezr-M6PnFk2CB8PFNyBQ0=/fit-in/180x240/v2/https://resizing.flixster.com/-XZAfHZM39UwaGJIFWKAE8fS0ak=/v3/t/assets/p2110_p_v8_ae.jpg,https://www.rottentomatoes.com/m/the_third_man
275,THIS IS SPINAL TAP,https://resizing.flixster.com/sy5DZ3aFQfd5ZqZxsWIO6wtoP_Q=/fit-in/180x240/v2/https://resizing.flixster.com/-XZAfHZM39UwaGJIFWKAE8fS0ak=/v3/t/NowShowing/1793/1793_aa.jpg,https://www.rottentomatoes.com/m/this_is_spinal_tap
276,TITANIC,https://resizing.flixster.com/3SILWL8SkbK0shdaRwUMOA6zz8U=/fit-in/180x240/v2/https://resizing.flixster.com/j1q6PHK0ZtbdABMQcflU-wH5-eE=/ems.cHJkLWVtcy1hc3NldHMvbW92aWVzL2Y1NGZmNWMyLTczMGUtNDViMS04NzdmLTRiODZiMDM0YWMwOS5qcGc=,https://www.rottentomatoes.com/m/titanic
277,TO BE OR NOT TO BE,https://resizing.flixster.com/0vL5Vo8-tzPTCzcBXHzQA4CqIrE=/fit-in/180x240/v2/https://resizing.flixster.com/-XZAfHZM39UwaGJIFWKAE8fS0ak=/v3/t/assets/p1972_p_v8_aa.jpg,https://www.rottentomatoes.com/m/to_be_or_not_to_be
278,TO KILL A MOCKINGBIRD,https://resizing.flixster.com/31SeG9-8YX-EB4SCNtqxWlQGqyw=/fit-in/180x240/v2/https://resizing.flixster.com/-XZAfHZM39UwaGJIFWKAE8fS0ak=/v3/t/assets/p325_p_v8_ai.jpg,https://www.rottentomatoes.com/m/to_kill_a_mockingbird
279,TOKYO STORY,https://resizing.flixster.com/-CpytyC2RJH2J89bvdwZjKtn2aI=/fit-in/180x240/v2/https://resizing.flixster.com/-XZAfHZM39UwaGJIFWKAE8fS0ak=/v3/t/assets/p8447_p_v8_af.jpg,https://www.rottentomatoes.com/m/tokyo_story
280,TOOTSIE,https://resizing.flixster.com/ORx6P5bEEDg5NeBlWap4MqHLX5M=/fit-in/180x240/v2/https://resizing.flixster.com/-XZAfHZM39UwaGJIFWKAE8fS0ak=/v3/t/assets/p6987_p_v8_ae.jpg,https://www.rottentomatoes.com/m/tootsie
281,TOTAL RECALL,https://resizing.flixster.com/m3-mzUy1poFqo8jwi7g_kD3vWXg=/fit-in/180x240/v2/https://resizing.flixster.com/-XZAfHZM39UwaGJIFWKAE8fS0ak=/v3/t/assets/p12531_p_v12_ay.jpg,https://www.rottentomatoes.com/m/total_recall
282,TOY STORY,https://resizing.flixster.com/tx-tCHSGRkMBwwT9f-XheSD0jyw=/fit-in/180x240/v2/https://resizing.flixster.com/-XZAfHZM39UwaGJIFWKAE8fS0ak=/v3/t/assets/p17420_p_v12_bc.jpg,https://www.rottentomatoes.com/m/toy_story
283,TRAINSPOTTING,https://resizing.flixster.com/Lbtkzdtt9ZeNt9ayK1sZ8N7E8hk=/fit-in/180x240/v2/https://resizing.flixster.com/-XZAfHZM39UwaGJIFWKAE8fS0ak=/v3/t/assets/p17678_p_v8_aa.jpg,https://www.rottentomatoes.com/m/trainspotting
284,THE TREASURE OF THE SIERRA MADRE,https://resizing.flixster.com/JffP6PsRu-uOh02jj-L3IpfHqRI=/fit-in/180x240/v2/https://resizing.flixster.com/-XZAfHZM39UwaGJIFWKAE8fS0ak=/v3/t/assets/p309_p_v8_aa.jpg,https://www.rottentomatoes.com/m/treasure_of_the_sierra_madre
285,THE UMBRELLAS OF CHERBOURG,https://resizing.flixster.com/9GJFLfHwF60bgSmTY-FG24y4YNc=/fit-in/180x240/v2/https://resizing.flixster.com/-XZAfHZM39UwaGJIFWKAE8fS0ak=/v3/t/assets/p7833_p_v8_aq.jpg,https://www.rottentomatoes.com/m/the_umbrellas_of_cherbourg_1964
286,UNCUT GEMS,https://resizing.flixster.com/BULBUpzL4kQtIUNff9qSecffSg8=/fit-in/180x240/v2/https://resizing.flixster.com/-XZAfHZM39UwaGJIFWKAE8fS0ak=/v3/t/assets/p17345031_p_v8_aa.jpg,https://www.rottentomatoes.com/m/uncut_gems
287,UNFORGIVEN,https://resizing.flixster.com/juu5z59rRszrbyBSEVOM2Ofvtz0=/fit-in/180x240/v2/https://resizing.flixster.com/-XZAfHZM39UwaGJIFWKAE8fS0ak=/v3/t/NowShowing/2395/2395_aa.jpg,https://www.rottentomatoes.com/m/1041911-unforgiven
288,VERTIGO,https://resizing.flixster.com/A8FR0xCxNtGDLzbXqzUyI6S4wDg=/fit-in/180x240/v2/https://resizing.flixster.com/-XZAfHZM39UwaGJIFWKAE8fS0ak=/v3/t/assets/p8151_p_v12_aq.jpg,https://www.rottentomatoes.com/m/vertigo
289,VOLVER,https://resizing.flixster.com/KAxaCj6SdgeimtaXk81teYgpgX8=/fit-in/180x240/v2/https://resizing.flixster.com/-XZAfHZM39UwaGJIFWKAE8fS0ak=/v3/t/assets/p159825_p_v12_ar.jpg,https://www.rottentomatoes.com/m/volver
290,WENDY AND LUCY,https://resizing.flixster.com/MVC9cXix99STmgtYso2ZhAK-U6k=/fit-in/180x240/v2/https://resizing.flixster.com/-XZAfHZM39UwaGJIFWKAE8fS0ak=/v3/t/assets/p188769_p_v8_ac.jpg,https://www.rottentomatoes.com/m/wendy_and_lucy
291,WEST SIDE STORY,https://resizing.flixster.com/i8kBimfrEvxD_6iWQ2eufApO1zI=/fit-in/180x240/v2/https://resizing.flixster.com/LtG22a5Z2ZVQeZ-zB29hxalRfOM=/ems.cHJkLWVtcy1hc3NldHMvbW92aWVzLzkzYTg4ZjJjLTBhMmItNDZkYS1hZDdjLTk1N2UzNTYwOTBiNy5qcGc=,https://www.rottentomatoes.com/m/west_side_story
292,WHAT'S LOVE GOT TO DO WITH IT,https://resizing.flixster.com/JHlTfJSXNIii275QCjM5LrobhOM=/fit-in/180x240/v2/https://resizing.flixster.com/-XZAfHZM39UwaGJIFWKAE8fS0ak=/v3/t/assets/p14813_p_v8_aa.jpg,https://www.rottentomatoes.com/m/whats_love_got_to_do_with_it
293,THE WILD BUNCH,https://resizing.flixster.com/uzmHCDMfmGWWg__KcbjjrTamq3Y=/fit-in/180x240/v2/https://resizing.flixster.com/-XZAfHZM39UwaGJIFWKAE8fS0ak=/v3/t/assets/p2210_p_v12_as.jpg,https://www.rottentomatoes.com/m/1059489-wild_bunch
294,WILD STRAWBERRIES,https://resizing.flixster.com/Yz1YhGRFcMQSujQ2sfUPJPAB7DM=/fit-in/180x240/v2/https://resizing.flixster.com/-XZAfHZM39UwaGJIFWKAE8fS0ak=/v3/t/assets/p5440_p_v8_ag.jpg,https://www.rottentomatoes.com/m/wild_strawberries
295,THE WIZARD OF OZ,https://resizing.flixster.com/lV4cBj0JLCnCoZ9cIyzn9csDLo8=/fit-in/180x240/v2/https://resizing.flixster.com/-XZAfHZM39UwaGJIFWKAE8fS0ak=/v3/t/assets/p5095_p_v12_an.jpg,https://www.rottentomatoes.com/m/the_wizard_of_oz_1939
296,WONDER WOMAN,https://resizing.flixster.com/ceWg-__cirAohZIhTwSmqsU310M=/fit-in/180x240/v2/https://resizing.flixster.com/EwkhPLrOoe17Akas804EJEbjy-Q=/ems.cHJkLWVtcy1hc3NldHMvbW92aWVzL2Q2MmJhMDFmLTA1ZmYtNDUzYi05YjU4LTllZTZjNTQyY2JlYS53ZWJw,https://www.rottentomatoes.com/m/wonder_woman_2017
297,Y TU MAMÃ TAMBIÃ‰N,https://resizing.flixster.com/N1j-9hns7x_TIQVMJ0XZZposBeE=/fit-in/180x240/v2/https://resizing.flixster.com/-XZAfHZM39UwaGJIFWKAE8fS0ak=/v3/t/assets/p29628_p_v13_aa.jpg,https://www.rottentomatoes.com/m/y_tu_mama_tambien
298,YOUR SISTER'S SISTER,https://resizing.flixster.com/dG0weV5Sz06IxVobDE0-LrIGuiA=/fit-in/180x240/v2/https://resizing.flixster.com/-XZAfHZM39UwaGJIFWKAE8fS0ak=/v3/t/assets/p8833661_p_v8_aa.jpg,https://www.rottentomatoes.com/m/your_sisters_sister
299,ZERO DARK THIRTY,https://resizing.flixster.com/p-_PBXgr8N-ZAvfsEwAB2_Moh1I=/fit-in/180x240/v2/https://resizing.flixster.com/-XZAfHZM39UwaGJIFWKAE8fS0ak=/v3/t/assets/p9400738_p_v8_az.jpg,https://www.rottentomatoes.com/m/zero_dark_thirty
