,Title,Rating,Year,Genre,Rating_Score,Duration,Image_Link
0,THE BEEKEEPER,R,2024, Action/Mystery & thriller,['5.80'], 1h 45m,https://resizing.flixster.com/nwY_yVsKRdvlDMJVmyGkPOTC2ZI=/206x305/v2/https://resizing.flixster.com/G2ypcmeD3YeumP2nvKiEmO5XQok=/ems.cHJkLWVtcy1hc3NldHMvbW92aWVzL2Y5MmJmNTk0LTFjNGEtNDVhNC1iNjI3LTFmNTVhYjg1ODc5Yy5qcGc=
1,ANATOMY OF A FALL,R,2023, Mystery & thriller/Crime,['8.60'], 2h 30m,https://resizing.flixster.com/t5BD6TpneSZ3SCKK-bugepM9iX8=/206x305/v2/https://resizing.flixster.com/DiduaaJKONgMBcwEdDgLlFGE7Vo=/ems.cHJkLWVtcy1hc3NldHMvbW92aWVzL2JmMGYzZGMxLWVjNmItNGI1ZS05ODAxLTkwY2U4ZGQyMzI5Ni5qcGc=
2,THE HOLDOVERS,R,2023, Holiday/Comedy,['8.50'], 2h 13m,https://resizing.flixster.com/a46LuVRnF690tYOTZDFHFU174no=/206x305/v2/https://resizing.flixster.com/Gfe3Lf75Qo5Pb0feNQ58BzwVBOA=/ems.cHJkLWVtcy1hc3NldHMvbW92aWVzLzQ4N2I3NGFjLWY3NDAtNDVlMS05ODFmLTNmYjA5ZmE3NTViNi5qcGc=
3,SALTBURN,R,2023, Comedy/Drama,['6.80'], 2h 11m,https://resizing.flixster.com/YKMd-daWopBrCZrwhQrAScTaVZk=/206x305/v2/https://resizing.flixster.com/5IYYj4UmhM5oQyJ0g5O1wZLovdc=/ems.cHJkLWVtcy1hc3NldHMvbW92aWVzL2ZkZTU4Y2Y1LTY4NjMtNGU3YS05NTQ4LTE3MjNhZDc5ZjFlZi5qcGc=
4,WONKA,R,2023, Kids & family/Musical,['7.30'], 1h 56m,https://resizing.flixster.com/ZJ5aqScAhzuxf3-3QdnKS3h0TC4=/206x305/v2/https://resizing.flixster.com/Bx2OFTZyXMQCB30_E6EmiA52wZo=/ems.cHJkLWVtcy1hc3NldHMvbW92aWVzL2ZiMzI0ODJhLTZmNzYtNDNkZC04MjdhLTBlODVhOTgzNzQ2Zi5qcGc=
5,THE KITCHEN,R,2023, Adventure/Drama,['6.60'], 1h 48m,https://resizing.flixster.com/ZF7_04hg4OEkfjgUXCvhU595Btk=/206x305/v2/https://resizing.flixster.com/STyaI0Ydxi-3W72GzXumkgTYhDE=/ems.cHJkLWVtcy1hc3NldHMvbW92aWVzLzM0ZjY0YTFiLTZkOTItNDc3Zi05MzgzLWZlNDJmODNjMjE3Ni5qcGc=
6,KILLERS OF THE FLOWER MOON,R,2023, Crime/Drama,['8.60'], 3h 26m,https://resizing.flixster.com/Nkywr3qkAo-G089ObPt_kqxPCkE=/206x305/v2/https://resizing.flixster.com/GGQKtXozu58SHWKH0Cz-5jQ9U38=/ems.cHJkLWVtcy1hc3NldHMvbW92aWVzLzZhOWE1N2ZkLTY4MzgtNDA3Yi05MDEwLWQzN2QwMTFkZDdmNS5qcGc=
7,AQUAMAN AND THE LOST KINGDOM,R,2023, Action/Adventure,['4.90'], 2h 4m,https://resizing.flixster.com/9aFEFln3zbDjVZal2qfvbHwBax8=/206x305/v2/https://resizing.flixster.com/ioQtD3b6hKJON0J4_7S-Wp0Ss5M=/ems.cHJkLWVtcy1hc3NldHMvbW92aWVzLzczNzQ3NjczLTE3MWMtNGJlYi1hODUwLTNkMmU5MGYxYjJiNy5qcGc=
8,SOCIETY OF THE SNOW,R,2023, Drama/Adventure,['7.80'], 2h 24m,https://resizing.flixster.com/8xnF1JkhauIxqdVh3edq0x_vL4I=/206x305/v2/https://resizing.flixster.com/Fu6AXk1vSqv9NdFS5ovTXuvI8F0=/ems.cHJkLWVtcy1hc3NldHMvbW92aWVzLzBiOGRjNjE2LTdjOWUtNDRiNC04OWMyLTNkNDVjMDJiODVjZS5qcGc=
9,FERRARI,R,2023, Drama,['6.60'], 2h 10m,https://resizing.flixster.com/QEL5ezTZV_fcdXgg7VwLF6xSEKc=/206x305/v2/https://resizing.flixster.com/i9CeWWf69GItCAWYaYws0z92NSs=/ems.cHJkLWVtcy1hc3NldHMvbW92aWVzLzFiM2FmYWMxLWIyMDEtNDQ3OC04YjU4LWYxNDg4N2MyOWI0YS5qcGc=
10,THE POSTCARD KILLINGS,R,2020, Mystery & thriller,['4.20'], 1h 44m,https://resizing.flixster.com/QFez41HhfzlrLEGwBYmSGE04qSo=/206x305/v2/https://resizing.flixster.com/-XZAfHZM39UwaGJIFWKAE8fS0ak=/v3/t/assets/p18000634_p_v8_aa.jpg
11,DUMB MONEY,R,2023, Comedy/Drama,['6.80'], 1h 45m,https://resizing.flixster.com/IvnCAFRjkvO0rX_uuxb1DoT-pJ4=/206x305/v2/https://resizing.flixster.com/uMn6z63MhbxufLAXeNbwf-j9Fj0=/ems.cHJkLWVtcy1hc3NldHMvbW92aWVzLzQ1OWYxZWIyLTljYmMtNGMyNC1hMTQ2LTFlNjJlNzk0ZjU3My5qcGc=
12,MIGRATION,R,2023, Kids & family/Comedy,['6.30'], 1h 23m,https://resizing.flixster.com/8F6mQ51qaPQHm1UvOBjMV-2VaGQ=/206x305/v2/https://resizing.flixster.com/-XZAfHZM39UwaGJIFWKAE8fS0ak=/v3/t/assets/p24497638_p_v8_af.jpg
13,NIGHT SWIM,R,2024, Horror/Mystery & thriller,['4.30'], 1h 38m,https://resizing.flixster.com/wOZYdO9HNB5356SyIYEi-oQCRPg=/206x305/v2/https://resizing.flixster.com/HUH8eIaDWE1jpxe8j93fBHDyUi4=/ems.cHJkLWVtcy1hc3NldHMvbW92aWVzL2FlYjYwYjc0LTU4YTgtNDI0Zi04ZjMyLWM1N2Q4YzlkYTkwNi5qcGc=
14,THE GREATEST NIGHT IN POP,R,2024, Documentary/Music,['Fresh'], 1h 36m,https://resizing.flixster.com/rhtZhvsN_YjdHck9V-wrmfUpyIQ=/206x305/v2/https://resizing.flixster.com/w1Fwp0xHnKw9IYWtRlRoTSDyVIA=/ems.cHJkLWVtcy1hc3NldHMvbW92aWVzLzUwNjI4YmU1LWUzNzEtNDA2YS05MGJmLWRkOTk4YTkzNWM3NS5qcGc=
15,THE BOYS IN THE BOAT,R,2023, History/Drama,['5.80'], 2h 4m,https://resizing.flixster.com/chFm2uxK2yhOaACxc6MIEra3WhA=/206x305/v2/https://resizing.flixster.com/F4ZQOz5WR87qrns9gaJut6KEXXU=/ems.cHJkLWVtcy1hc3NldHMvbW92aWVzLzkzZWJlNDczLWM2N2YtNGE2Yi1hOTEwLTNhYThiNTE4ZmJmYi5qcGc=
16,OPPENHEIMER,R,2023, History/Drama,['8.60'], 3h 0m,https://resizing.flixster.com/5bbfOrn5Stku1HxlkK4ISYi2uQk=/206x305/v2/https://resizing.flixster.com/dV1vfa4w_dB4wzk7A_VzThWUWw8=/ems.cHJkLWVtcy1hc3NldHMvbW92aWVzLzEyZDMyYjZmLThmNzAtNDliNC1hMjFmLTA2ZWY4M2UyMjJhMi5qcGc=
17,BADLAND HUNTERS,R,2024, Action/Sci-fi,['6.10'], 1h 47m,https://resizing.flixster.com/KjMuGc0p3vOJqI5Uf5o3063Zub4=/206x305/v2/https://resizing.flixster.com/Hg8A_T99xTkonTDeBHJ2tsIlt9I=/ems.cHJkLWVtcy1hc3NldHMvbW92aWVzL2RlMjZiMWEzLWZlYzUtNDA4Zi1hYmRmLWEzNTkxODBhOGJkNy5qcGc=
18,PAST LIVES,R,2023, Romance/Drama,['9.10'], 1h 46m,https://resizing.flixster.com/ip4filts4cV72q1fIzvmugV-Hrg=/206x305/v2/https://resizing.flixster.com/Rj36W7XfjR7FUlGiJBCMNfLpk5k=/ems.cHJkLWVtcy1hc3NldHMvbW92aWVzLzg5NjQ4NjQxLTI5MzktNDVlMy04NTU0LTEzZGJiYTZmNzRlNi5qcGc=
19,LIFT,R,2024, Action/Comedy,['4.60'], 1h 44m,https://resizing.flixster.com/U7FKNalnJRMaUDb0P0EKx3uaJBk=/206x305/v2/https://resizing.flixster.com/JePOSD0hRh_ObBaKyKxzBjdkPIk=/ems.cHJkLWVtcy1hc3NldHMvbW92aWVzLzQ4NzJiMzczLWMzOGYtNDBiYy04ODcyLTVlOWNhZGU2OTc3MS5qcGc=
20,NAPOLEON,R,2023, Biography/History,['6.20'], 2h 38m,https://resizing.flixster.com/SGY4sI7Ry5bXpwPlJV6nZk3wnq0=/206x305/v2/https://resizing.flixster.com/1aZHwA3lCrTwV68OmdGh_T6j2QA=/ems.cHJkLWVtcy1hc3NldHMvbW92aWVzL2IwODZhMzk3LWRmMzctNGI4My05MjgxLTdmMmIzYWZhMjc1Ni5wbmc=
21,WISH,R,2023, Kids & family/Fantasy,['5.70'], 1h 32m,https://resizing.flixster.com/vazf4WmNLiT_T2l2_3Cjnrwi5kM=/206x305/v2/https://resizing.flixster.com/qIk5F8LNkRDAxu6Tn6XvYJ1rVMg=/ems.cHJkLWVtcy1hc3NldHMvbW92aWVzL2MyODNiYmIxLTYyOWMtNDJiNi1iZmZlLTE4ZGQ2MGQwZGFiNS5qcGc=
22,THE UNDERDOGGS,R,2024, Comedy/Sports,['4.40'], 1h 41m,https://resizing.flixster.com/Vja5QSE24b-XmQM0k9nkxLbJqCk=/206x305/v2/https://resizing.flixster.com/MuyfECj-Qu9el_BA25LlbMRMlpE=/ems.cHJkLWVtcy1hc3NldHMvbW92aWVzL2VjOTVkZTc3LTE0NWYtNGY4MC05ZjdlLTcxOTE2MGViNDBmMy5qcGc=
23,THE CREATOR,R,2023, Sci-fi/Action,['6.70'], 2h 13m,https://resizing.flixster.com/a8yOHUJZN88nlYhy8BTgM1gxNbI=/206x305/v2/https://resizing.flixster.com/CqeQShqSXJ8Ec-2I9RYEXdoncH0=/ems.cHJkLWVtcy1hc3NldHMvbW92aWVzLzNjYzAzM2ZiLTc5ZGItNDUyYS05MmFkLTY5NDRiYjRiODlkYi5qcGc=
24,MAESTRO,R,2023, Biography/Drama,['7.50'], 2h 9m,https://resizing.flixster.com/9ksb0eFoytUoT86OohQBu83lnI0=/206x305/v2/https://resizing.flixster.com/QxuXNaDPg5NQX_DPml6C0zV1A5E=/ems.cHJkLWVtcy1hc3NldHMvbW92aWVzLzZmMDhiMTk1LTc5MzMtNGQ0OS04NTNiLTY2MWEwZDBkYjRlMi5qcGc=
25,SELF RELIANCE,R,2023, Comedy/Mystery & thriller,['6.20'], 1h 29m,https://resizing.flixster.com/I7oV_juHFwxIfhjWSVJjAfxo-Vc=/206x305/v2/https://resizing.flixster.com/zSv3QTYScdat6tfcTtsAw1NpTVA=/ems.cHJkLWVtcy1hc3NldHMvbW92aWVzL2NiMzVlNmY5LTA4OTktNDY2MC05MTU0LTk0NzVmNGU4OTk1Ny5qcGc=
26,LEAVE THE WORLD BEHIND,R,2023, Mystery & thriller/Drama,['6.80'], 2h 20m,https://resizing.flixster.com/lS4ahcCMKnhNf2u7ZDMV0a66jLA=/206x305/v2/https://resizing.flixster.com/gjBl91cQPoUL3N1PFDNkmJgbMbY=/ems.cHJkLWVtcy1hc3NldHMvbW92aWVzLzNjNDA5NzM2LTAyNTItNDUyMC04MjFkLWFhMmMyYjk4OGQ1Ni5qcGc=
27,ORION AND THE DARK,R,2024, Kids & family/Comedy,['7.00'], 1h 32m,https://resizing.flixster.com/-ef7UHP__75HHGbLyNpmO4NfTSQ=/206x305/v2/https://resizing.flixster.com/3g9tZnA26NUFtH2uaUW1V1LKPPU=/ems.cHJkLWVtcy1hc3NldHMvbW92aWVzLzVkMTEzYTBiLTQ3NTYtNDkwMy1iOGQ3LTZmMTBkOWRlOWRlOC5qcGc=
28,CONCRETE UTOPIA,R,2023, Action/Adventure,['Fresh'], 2h 10m,https://resizing.flixster.com/rYZpap88WVRZQXj5RZUubsXKkAY=/206x305/v2/https://resizing.flixster.com/_JUbDJmcSO6Yex6I8y0fH7TOHVg=/ems.cHJkLWVtcy1hc3NldHMvbW92aWVzLzE1MzBjYmE1LTgwYTUtNDdmNi1hNjE5LTgyZDZkYTljYzI2NS5qcGc=
29,WHAT DOESN'T FLOAT,R,2023, Drama/Comedy,['Fresh'], 1h 9m,https://resizing.flixster.com/TEjzwKGUJ99moNHN4-nr09e5s2I=/206x305/v2/https://resizing.flixster.com/0gJlP2Ddvw4rLBjnIeLyZPL4PMw=/ems.cHJkLWVtcy1hc3NldHMvbW92aWVzL2Q4ZjAxMjgxLTZhMWMtNDUxOS05MjZmLTE5YzYzNjBiNzZhMy5qcGc=
30,DEEP FEAR,R,2023, Action/Mystery & thriller,['Fresh'], 1h 29m,https://resizing.flixster.com/Abktbo2nHI9YRWGkpoRaF0ERVjM=/206x305/v2/https://resizing.flixster.com/GqeVTRuoB-T9TYRl5iZalzFDszE=/ems.cHJkLWVtcy1hc3NldHMvbW92aWVzL2JlZjIxZDExLWZhZjgtNDhlOS05MmJiLWU1Mjg4MTBjMzdjZS5qcGc=
31,THE NEST,R,2020, Mystery & thriller/Drama,['7.50'], 1h 47m,https://resizing.flixster.com/MkuE8v0S8TTQ6f0JYm1rXAZr7-c=/206x305/v2/https://resizing.flixster.com/-XZAfHZM39UwaGJIFWKAE8fS0ak=/v3/t/assets/p18178346_p_v8_aa.jpg
32,BARBIE,R,2023, Comedy,['7.90'], 1h 54m,https://resizing.flixster.com/J4xdPjUuyUwx3WCQiA9feOp4_-4=/206x305/v2/https://resizing.flixster.com/-XZAfHZM39UwaGJIFWKAE8fS0ak=/v3/t/assets/p13472534_p_v12_ah.jpg
33,MAY DECEMBER,R,2023, Drama/Romance,['7.80'], 1h 53m,https://resizing.flixster.com/1C2NtQrEw5uUdcw9uF6vgg6EgpU=/206x305/v2/https://resizing.flixster.com/23HufW0cspEzLY5W9lL8vE8WqX0=/ems.cHJkLWVtcy1hc3NldHMvbW92aWVzL2VmNjcxNjM4LTU3YTktNDI2Yi04ZTY5LWYwZThlNDBiNzgyMS5qcGc=
34,MISSION: IMPOSSIBLE - DEAD RECKONING PART ONE,R,2023, Action/Adventure,['8.00'], 2h 43m,https://resizing.flixster.com/dWRhX5jvPYZoAnbDAsoAT-ltops=/206x305/v2/https://resizing.flixster.com/sjrE11CDEb_jyGqLlmWRMkkwAkI=/ems.cHJkLWVtcy1hc3NldHMvbW92aWVzLzdkOGMxYmM5LWU1M2UtNDA0MC1hOTg2LTU3YTg4YjgyN2M1Zi5qcGc=
35,THE MARVELS,R,2023, Action/Adventure,['5.90'], 1h 45m,https://resizing.flixster.com/t9xW3hzc3NC_2ICHlzvLe7kvASc=/206x305/v2/https://resizing.flixster.com/Ht14zArBc90eTF1dMAaQynKk2Ic=/ems.cHJkLWVtcy1hc3NldHMvbW92aWVzL2NhNjNhOGQ1LWE5Y2YtNDFlZS1iNDk0LWQyZGMyZTlhYmVmOS5qcGc=
36,TURNING RED,R,2022, Kids & family/Comedy,['8.10'], 1h 40m,https://resizing.flixster.com/bzipESk8CBuKKGUPc4UidZ-tu6o=/206x305/v2/https://resizing.flixster.com/gT6NcfmUJNbiOz3gPUByxps_FcM=/ems.cHJkLWVtcy1hc3NldHMvbW92aWVzLzM0YWFlNzMzLWViMDAtNDAyZi1iY2RmLWMzNzkxNzUzMzA0Yi5qcGc=
37,BRAWL IN CELL BLOCK 99,R,2017, Action/Mystery & thriller,['7.60'], 2h 12m,https://resizing.flixster.com/2PCFjYscNRU3YbyzIHIGwW7_9bc=/206x305/v2/https://resizing.flixster.com/sdDvXrsb95D2bCYFgXBAfbVEASU=/ems.cHJkLWVtcy1hc3NldHMvbW92aWVzL2U2NTBkNzg4LWU1NzUtNDBkMy05M2UzLTNmNGQ5MTFiZmY5ZC53ZWJw
38,REBEL MOON: PART ONE - A CHILD OF FIRE,R,2023, Sci-fi/Action,['4.20'], 2h 15m,https://resizing.flixster.com/CCTwucvqizkxoWsRKclAQauBRAQ=/206x305/v2/https://resizing.flixster.com/2bpFxoybigCD78l_tMP4wE7m6j4=/ems.cHJkLWVtcy1hc3NldHMvbW92aWVzL2IwMmU1NmEwLTM0MzQtNDYzMC1iNWExLWFiMmNiMzRkNzcwZC5qcGc=
39,SMOKE SAUNA SISTERHOOD,R,2023, Documentary,['7.60'], 1h 29m,https://resizing.flixster.com/a1PcH8MX2kC18SvBswvAlFBfNlQ=/206x305/v2/https://resizing.flixster.com/iPHRk6MQoTe1RWr1bBhqO7mvgdI=/ems.cHJkLWVtcy1hc3NldHMvbW92aWVzL2RjNTFkYjJkLWFhZDEtNDYzZS1hNmYwLWM5NjVmNjhlZmNiYy5qcGc=
40,THE COLOR PURPLE,R,2023, Musical/Drama,['7.30'], 2h 21m,https://resizing.flixster.com/NSxMDfL501_tRHU2sENXnYIzGJo=/206x305/v2/https://resizing.flixster.com/_8mqDG_CFMbH75r18jov-puBBzA=/ems.cHJkLWVtcy1hc3NldHMvbW92aWVzLzZiMzNiZmJiLTk1ODItNDBhMi05M2Y1LTJmMjJkNzUwNzJiYy5qcGc=
41,TALK TO ME,R,2023, Horror/Mystery & thriller,['7.70'], 1h 35m,https://resizing.flixster.com/ejS3S8JOBfvZr_fQ_--6SyKKJpQ=/206x305/v2/https://resizing.flixster.com/9WxKriao1BmRamIaqig2k8hd5uM=/ems.cHJkLWVtcy1hc3NldHMvbW92aWVzL2YyZDQwYTM2LWZmYzEtNGUwMC05NzRkLTA3ODM0NThiNDE4Ny5qcGc=
42,365 DAYS,R,2020, Drama/Romance,['Fresh'], 1h 56m,https://resizing.flixster.com/WVcZJfrTqtOXhll1hI6Ic5wmzX8=/206x305/v2/https://resizing.flixster.com/-XZAfHZM39UwaGJIFWKAE8fS0ak=/v3/t/assets/p17931073_p_v13_ac.jpg
43,ROLE PLAY,R,2023, Mystery & thriller,['4.90'], 1h 40m,https://resizing.flixster.com/8L_vZUtneGMFu1w3UWH2R5ONpfg=/206x305/v2/https://resizing.flixster.com/8e12ovplJ1mxC0lYBrWDy7JbtRY=/ems.cHJkLWVtcy1hc3NldHMvbW92aWVzL2E2ODU4YTEyLWRjOTAtNDJkOC1iMzM1LWE1M2FlMjYyZDI4OS5qcGc=
44,WHEN EVIL LURKS,R,2023, Horror,['7.80'], 1h 39m,https://resizing.flixster.com/pYKve2Su8tEGhH0tDOVXySIZUeQ=/206x305/v2/https://resizing.flixster.com/jRxONmZil0CTIu8L0mZJTbLLGrY=/ems.cHJkLWVtcy1hc3NldHMvbW92aWVzL2FiOWRlZjQ2LTY5OTctNGRmZi1hM2IwLWI5ZWQzYmQ4ZmFkYS5qcGc=
45,THE HUNGER GAMES: THE BALLAD OF SONGBIRDS & SNAKES,R,2023, Action/Adventure,['6.30'], 2h 37m,https://resizing.flixster.com/0CWwZumjk0f2jLSRyj3t3mvrE7E=/206x305/v2/https://resizing.flixster.com/cli2xj07iMBQ-KDgwpiVxGPlt0I=/ems.cHJkLWVtcy1hc3NldHMvbW92aWVzL2I4MDI3YjY5LTY1OGEtNDgzYi1iMzIxLWE1MWRkMTdlMzU1Ni5qcGc=
46,DUNE,R,2021, Sci-fi/Adventure,['7.60'], 2h 35m,https://resizing.flixster.com/9cA15MFFCoFW0NPFlVue7pVHF0Q=/206x305/v2/https://resizing.flixster.com/gcRn4_emLo1Iz5ndbvUOKDYq35c=/ems.cHJkLWVtcy1hc3NldHMvbW92aWVzLzdhYTI2NDJkLTU5YTYtNDNkOS05ZWQxLWZiNjFlOTZmYjZlZS5qcGc=
47,NYAD,R,2023, Biography/Drama,['7.00'], 2h 1m,https://resizing.flixster.com/qVKx9WY7zFAy3H6-7L5-gihgBL8=/206x305/v2/https://resizing.flixster.com/USyHLImaPpxv-2fWRqj5jBpE2xw=/ems.cHJkLWVtcy1hc3NldHMvbW92aWVzLzM4ZDVlYWU4LWM1OWQtNDFkYy05MWNjLTlmNjE3NjkyNmM2Zi5qcGc=
48,SOUND OF FREEDOM,R,2022, Crime/Drama,['Fresh'], 2h 11m,https://resizing.flixster.com/LNU_KHi8ZIGPIK5YeHI55s4XD7c=/206x305/v2/https://resizing.flixster.com/5daqWNXuHIMr2z_mRSaT0ewHNrA=/ems.cHJkLWVtcy1hc3NldHMvbW92aWVzLzJhM2ZlOWM4LTM0YmQtNDQ0OC1iZDYzLWU3OTIxZWFmN2FkNS5qcGc=
49,PLEASE DON'T DESTROY: THE TREASURE OF FOGGY MOUNTAIN,R,2023, Comedy/Adventure,['5.60'], 1h 32m,https://resizing.flixster.com/y0I_NpRMPhqkcERCF76hkFKX7lk=/206x305/v2/https://resizing.flixster.com/oom6XbG5iU41Eldr7mv4XpbCXcc=/ems.cHJkLWVtcy1hc3NldHMvbW92aWVzLzMxMTQ3ZmM2LWE5NzgtNDE4NS1hYWRkLTZiOWU2N2IwMmIwOC5qcGc=
50,THE STRANGER,R,2022, Crime/Drama,['Fresh'], 1h 57m,https://resizing.flixster.com/my9W88nituE2qhdLMIxWFJPdK7Y=/206x305/v2/https://resizing.flixster.com/q8zUtlUy8hfG49LYVHIvZQlNQJE=/ems.cHJkLWVtcy1hc3NldHMvbW92aWVzLzM1MTA4MTk5LTFjMDYtNDZiOS1iN2RjLTI5NDU1NzI4YTFiOS5qcGc=
51,NO HARD FEELINGS,R,2023, Romance/Comedy,['6.10'], 1h 43m,https://resizing.flixster.com/nO4HJBwy8hKB4Pv4AA5ye9T3TVc=/206x305/v2/https://resizing.flixster.com/DDToSwhHClBZGg_iBmbyfuEybas=/ems.cHJkLWVtcy1hc3NldHMvbW92aWVzLzc0MTM0MGM4LTg0ODItNGQyOC1hYzBkLTUzZjVhOTBlNDVmMy5qcGc=
52,THE FLORIDA PROJECT,R,2017, Drama,['8.80'], 1h 55m,https://resizing.flixster.com/_rb2FVCePxBQwOgaqiy8v9F4ucg=/206x305/v2/https://resizing.flixster.com/-XZAfHZM39UwaGJIFWKAE8fS0ak=/v3/t/assets/p14263302_p_v8_as.jpg
53,MURDER AND COCKTAILS,R,2024, Mystery & thriller/Comedy,['N/A'], 1h 29m,https://resizing.flixster.com/coclozu_RKSGERU6t8658fjH6WA=/206x305/v2/https://resizing.flixster.com/-XZAfHZM39UwaGJIFWKAE8fS0ak=/v3/t/assets/p25859216_v_v13_aa.jpg
54,DREAM SCENARIO,R,2023, Comedy/Drama,['7.50'], 1h 42m,https://resizing.flixster.com/x4fzmURIicdLI3689eqLqUSAOSw=/206x305/v2/https://resizing.flixster.com/IIgJhkc98BZTFlSDRegHcqF7y1c=/ems.cHJkLWVtcy1hc3NldHMvbW92aWVzL2Q0MDZmMTI1LThiZjktNDE4NS04ZjIwLWYzYmU5YzJjZDE3Yy5qcGc=
55,FIVE NIGHTS AT FREDDY'S,R,2023, Horror/Mystery & thriller,['4.60'], 1h 50m,https://resizing.flixster.com/EA3t3rwi2u28B-nLQJ5PtgBKtWo=/206x305/v2/https://resizing.flixster.com/NFhss816If2YlSBDd2154Z6-KHw=/ems.cHJkLWVtcy1hc3NldHMvbW92aWVzL2UyNTU5YzhjLTI4ODktNDg2Yy1hMmM0LWY0ZDM0Y2FkNjA3Yy5qcGc=
56,THE LEGEND OF TARZAN,R,2016, Adventure/Action,['5.10'], 1h 50m,https://resizing.flixster.com/l079208exXDTGVFEzUII0k1B0I4=/206x305/v2/https://resizing.flixster.com/yKqoQcqG8DhUXGr0yHfk9NN5S8k=/ems.cHJkLWVtcy1hc3NldHMvbW92aWVzLzdlYTA2ZDdmLTQyNTUtNDk3Yi1hYzBjLTY4ZTBjMjRjZWUxYS53ZWJw
57,YOU HURT MY FEELINGS,R,2023, Comedy/Drama,['7.70'], 1h 33m,https://resizing.flixster.com/scSP_rQ9yFiBxoXqIk6_gGjpgpw=/206x305/v2/https://resizing.flixster.com/JH4n6n1XT3UqIo9gFEbNka4AFWQ=/ems.cHJkLWVtcy1hc3NldHMvbW92aWVzL2E1OTRkNzEwLTJiY2ItNGFkNS1iNTU3LTJjNzZlZWI4YzU1MC5qcGc=
58,DARIO ARGENTO PANICO,R,2023, Documentary/Biography,['Fresh'], 1h 38m,https://resizing.flixster.com/7f5prb6yFquKS4_t3YLi3AT0jns=/206x305/v2/https://resizing.flixster.com/RxZfy3gyMP-NVcdMUsOeL0ruQLM=/ems.cHJkLWVtcy1hc3NldHMvbW92aWVzL2FkZjkwYTM1LTc5ZjAtNDk0Ni1hYjMzLTBmNTczNjcyMmM4NS5wbmc=
59,SILENT NIGHT,R,2021, Horror/Drama,['6.20'], 1h 32m,https://resizing.flixster.com/anBpJi7Fu5yj9vzOFuThxUYy0kQ=/206x305/v2/https://resizing.flixster.com/hDfVsuQChoVCBCa6a98mL5g2qlg=/ems.cHJkLWVtcy1hc3NldHMvbW92aWVzL2MwODNkNDBiLTcwYzQtNDc5OS1hYWQ5LTlmNmY4MzI5ZThiNi5qcGc=
60,THE FAVOURITE,R,2018, Comedy/Drama,['8.50'], 2h 0m,https://resizing.flixster.com/YzmPwjee0zr01zg1YeBn8OlFLss=/206x305/v2/https://resizing.flixster.com/gyieA7znGMN2VV-kEhWwAgT7a8c=/ems.cHJkLWVtcy1hc3NldHMvbW92aWVzLzBmODAyY2E1LWQyOGYtNDBiYy04NWZhLThiODY3OTVhOWM3NS53ZWJw
61,THE WONDERFUL STORY OF HENRY SUGAR,R,2023, Comedy/Adventure,['8.40'], 39m,https://resizing.flixster.com/qqUVXXvG2r1b0TjRr0lUcjOIWXk=/206x305/v2/https://resizing.flixster.com/rM9K9anh7GUcNIfZOs4W8KSJhKk=/ems.cHJkLWVtcy1hc3NldHMvbW92aWVzLzhmNGFmMzRkLTlkNDEtNDA0ZS1hZWU4LWEyMjU0M2FlMjkyNi5qcGc=
62,THE KILLER,R,2023, Mystery & thriller/Action,['7.40'], 1h 58m,https://resizing.flixster.com/x4JXyULCubaUuD3tDSL87u2VC6k=/206x305/v2/https://resizing.flixster.com/Ux0YYpq25r4CNYj-TM2YhlcTYU8=/ems.cHJkLWVtcy1hc3NldHMvbW92aWVzL2I2Y2U1ZjNkLWQwNzEtNDFiNS1iZmYzLWQ5NWFmM2Y1OGMyNS5qcGc=
63,GOOD GRIEF,R,2023, Comedy/Drama,['5.70'], 1h 40m,https://resizing.flixster.com/ogzpdj1fGQJ-qOQUSnx0Rsp-bGk=/206x305/v2/https://resizing.flixster.com/dkaR8dOy_hboN3sSlVjuuh4vOb8=/ems.cHJkLWVtcy1hc3NldHMvbW92aWVzLzUwMzAxZjZiLWIwYzUtNGFjMS1hNjE4LTdiYjI3ZWIxZDJkNi5qcGc=
64,PRISCILLA,R,2023, Drama/Romance,['7.30'], 1h 53m,https://resizing.flixster.com/EwPqPx5B-EI4EsRyxGzKDY3Tm8M=/206x305/v2/https://resizing.flixster.com/meNymKPzc0hZijksZBEYbOhLUrk=/ems.cHJkLWVtcy1hc3NldHMvbW92aWVzLzhiYmIwODFmLWYwMzctNGRkOC05MGIwLWJiMGE5M2QyNzc4YS5qcGc=
65,IT COMES AT NIGHT,R,2017, Horror/Mystery & thriller,['7.40'], 1h 37m,https://resizing.flixster.com/egYjuafehAj9xpBfTLduBrH-kDs=/206x305/v2/https://resizing.flixster.com/nfR941r9VzR82llth7LstWn6H_8=/ems.cHJkLWVtcy1hc3NldHMvbW92aWVzLzdmYjNiZmFlLWQ4NzAtNDJkZS1iMzlhLWYxNzQyMzliNjYwYi53ZWJw
66,X,R,2022, Horror/Mystery & thriller,['7.70'], 1h 45m,https://resizing.flixster.com/ITwn0ByX4aREwxX8lMskRb8VKEA=/206x305/v2/https://resizing.flixster.com/-Ius_N-ltCTKSsVCP_h4zcw5ixs=/ems.cHJkLWVtcy1hc3NldHMvbW92aWVzLzI5Y2VlMDIwLTJhMTgtNDAwOC05YTZkLTFkNWI1ZTQ2MGI4OC5qcGc=
67,RANSOMED,R,2023, Drama/Action,['7.60'], 2h 12m,https://resizing.flixster.com/5vsjxh_NKN9TVBR-Tt2SMobg18o=/206x305/v2/https://resizing.flixster.com/05_tGYbWWNH1RZaeDBjxElLskjY=/ems.cHJkLWVtcy1hc3NldHMvbW92aWVzL2RlNjQ0MDMxLTAzMTMtNGYzOS05ZWNlLTkyZDdhNTZmYzQ4ZC5qcGc=
68,FREAKS,R,2018, Sci-fi/Mystery & thriller,['7.10'], 1h 45m,https://resizing.flixster.com/7TGQ-5LaJrgCjmZNq9QafQWfOIg=/206x305/v2/https://resizing.flixster.com/-XZAfHZM39UwaGJIFWKAE8fS0ak=/v3/t/assets/p16047155_p_v8_ab.jpg
69,THANKSGIVING,R,2023, Holiday/Horror,['6.80'], 1h 47m,https://resizing.flixster.com/uqqBC8T0-QmHfbsxmBnl9TxvObk=/206x305/v2/https://resizing.flixster.com/H5CIRmSezlafOc8Fte3v2PNGr1M=/ems.cHJkLWVtcy1hc3NldHMvbW92aWVzLzNjN2ZiOTBmLTczODctNGU1MS05NGUyLTRmZThjZDk1ZGVkMC5qcGc=
70,FOE,R,2023, Sci-fi/Mystery & thriller,['4.70'], 1h 50m,https://resizing.flixster.com/f7W_gZmKj9iCdR-7Vnn1acFvTjo=/206x305/v2/https://resizing.flixster.com/304MqUZNifMG8ip4f5IKKfC7vCw=/ems.cHJkLWVtcy1hc3NldHMvbW92aWVzLzhmOTNkMzk1LWFkYTgtNGQ5MC05MjY0LTRmNmJhMGVhYWEzNC5qcGc=
71,DELIVER US,R,2023, Horror,['6.10'], 1h 43m,https://resizing.flixster.com/74_3_Vj62W7Vg9ECidMlRf-FIWs=/206x305/v2/https://resizing.flixster.com/lr0yRyVwicIH81-_3e3hLRrwjho=/ems.cHJkLWVtcy1hc3NldHMvbW92aWVzLzA1YTZkM2VlLTc4ZjUtNGI5Yi04Y2RkLTVlZDdhMWVjZDVmYi5qcGc=
72,RUSTIN,R,2023, Drama/Biography,['7.00'], 1h 48m,https://resizing.flixster.com/fHNJVdLDCR_3_EbIGI1lrQ1h5yg=/206x305/v2/https://resizing.flixster.com/bD1lsmNcEO39J3kWusIv_Ax4G3I=/ems.cHJkLWVtcy1hc3NldHMvbW92aWVzLzg5NTE5YjU4LWVlNDYtNDU2NC04NTI0LWY1OTM1Yjg0OWQyZS5qcGc=
73,THE MASTER OF DISGUISE,R,2002, Kids & family/Comedy,['Fresh'], 1h 20m,https://resizing.flixster.com/Gvny-khoQ6_6Xu7ZMSETM9XEFcU=/206x305/v2/https://resizing.flixster.com/-XZAfHZM39UwaGJIFWKAE8fS0ak=/v3/t/assets/p30113_p_v8_af.jpg
74,NEFARIOUS,R,2023, Horror/Mystery & thriller,['4.50'], 1h 38m,https://resizing.flixster.com/JjgKKM2dYTXj6zpYvhsEDYZutk8=/206x305/v2/https://resizing.flixster.com/CoV9h8uAjRfrx5fFGDo-BSKvbWk=/ems.cHJkLWVtcy1hc3NldHMvbW92aWVzLzIxY2NmYmU1LWJkZjUtNDE0MC1iNTlhLTY3OTFmZDRlMmE0NC5qcGc=
75,THE SUPER MARIO BROS. MOVIE,R,2023, Kids & family/Comedy,['5.80'], 1h 32m,https://resizing.flixster.com/3X1Rr-c7EyijQAqg6WnHIq7v31g=/206x305/v2/https://resizing.flixster.com/nQN8KYVFA4fD23Li3TCLwKYz8GA=/ems.cHJkLWVtcy1hc3NldHMvbW92aWVzL2JlYWVjZDdiLTMyYjMtNDgzNy1iN2M0LTgzYWZkODIzMmZmOS5qcGc=
76,BUTCHER'S CROSSING,R,2022, Western/Adventure,['5.90'], 1h 45m,https://resizing.flixster.com/kQBkJYE22DXYR8I-sr86_6taVnY=/206x305/v2/https://resizing.flixster.com/Ezj4S7Fd0LnxXVYVreljQBZoTLk=/ems.cHJkLWVtcy1hc3NldHMvbW92aWVzLzRiNDY1OTYzLWE4NGUtNGY0OS1hYjlkLTcwYmE4OGFmNGUxOC5wbmc=
77,A COLD GRAVE,R,2024, Mystery & thriller/Drama,['Fresh'], 1h 15m,https://resizing.flixster.com/pqQOboCVqbftsyhmJnAjXeExh74=/206x305/v2/https://resizing.flixster.com/VAsVyVPGpfmEcTWL2MVLrFb1zOU=/ems.cHJkLWVtcy1hc3NldHMvbW92aWVzLzVkYmExOWVjLTMxM2MtNGUzOS04YjM3LWQ0NTE1YTk1NzU0MC5qcGc=
78,UNDER THE FIG TREES,R,2021, Drama,['8.00'], 1h 33m,https://resizing.flixster.com/lVT_OiP-9coGZ-iPHv9i1vdb2UE=/206x305/v2/https://resizing.flixster.com/oYVRFcrlQVAme-ZUKaoCOxUujoQ=/ems.cHJkLWVtcy1hc3NldHMvbW92aWVzLzRlN2JiODFlLTUyMDYtNGU1Yi1hYzVmLWRjNjg5ZTZkZmNlZi5qcGc=
79,EVERYTHING EVERYWHERE ALL AT ONCE,R,2022, Comedy/Adventure,['8.50'], 2h 12m,https://resizing.flixster.com/I2Z0zDTKJdvO7Akh819HROIhZQ4=/206x305/v2/https://resizing.flixster.com/mx-agGjjsUK1QMyuv3AJhHI3hgo=/ems.cHJkLWVtcy1hc3NldHMvbW92aWVzLzA3ZjU2MGU1LWMxODItNDlkMC1hYzJhLTY2YzMwOGZkMDhiZi5qcGc=
80,INDIANA JONES AND THE DIAL OF DESTINY,R,2023, Adventure/Action,['6.40'], 2h 24m,https://resizing.flixster.com/S2TNAOyRhTU_uayXdSjJk17lQU8=/206x305/v2/https://resizing.flixster.com/xYGAolR7ksdDWhEXU09Vv9JQB0s=/ems.cHJkLWVtcy1hc3NldHMvbW92aWVzLzZiNWJhYWY1LWM5ODAtNGI3My04OWQ1LTUxOThjMzcyZTE3Yy5qcGc=
81,BOTTOMS,R,2023, Comedy/Lgbtq+,['Fresh'], 1h 28m,https://resizing.flixster.com/Yi4qopFiZLpnpjbQ6_r_ntaV2z8=/206x305/v2/https://resizing.flixster.com/BAiop_VF0lafqPbhco156WWbGlI=/ems.cHJkLWVtcy1hc3NldHMvbW92aWVzLzQwZjljMGJkLWE3OTktNDUxNi1iYWNjLTcyZDA2ZGU3MzhiMi5qcGc=
82,THE EQUALIZER 3,R,2023, Action/Mystery & thriller,['6.30'], 1h 49m,https://resizing.flixster.com/qiynA0qV9PqJC2Mj3NQd9vzDtck=/206x305/v2/https://resizing.flixster.com/EjtgVtXHncPgHWXQxmtU__iEUoA=/ems.cHJkLWVtcy1hc3NldHMvbW92aWVzL2VlMDlkZDU4LTE3ZDctNGNmMy1iZmFkLWJiMzY5MmE1Zjg3ZC5qcGc=
83,AMBULANCE,R,2022, Action/Mystery & thriller,['5.80'], 2h 16m,https://resizing.flixster.com/j5-Q5CBoEvzYAfi5kJiP7dbaTqM=/206x305/v2/https://resizing.flixster.com/Mg-zt7m0ek1ZAdOUQTb_a1jeHFo=/ems.cHJkLWVtcy1hc3NldHMvbW92aWVzLzJiNzJmYTU0LTg4YWEtNDdmMS05MmI4LTQ5MGZhYTg1OTc1Ny5qcGc=
84,ARKANSAS,R,2020, Mystery & thriller/Crime,['5.70'], 1h 55m,https://resizing.flixster.com/QxJGO11X0N6sx1VYi7J76wtbPpA=/206x305/v2/https://resizing.flixster.com/AmcVdlOwIT07DlgO_d0v8KODzYg=/ems.cHJkLWVtcy1hc3NldHMvbW92aWVzL2FlZjFlOTJhLWE0NTUtNDQ0NC1iNmMyLTlmNGRiODQwNDEzMi53ZWJw
85,THE LOST CITY,R,2022, Romance/Comedy,['6.40'], 1h 52m,https://resizing.flixster.com/gHSYf62-0l02TjDn-MyzW16tFog=/206x305/v2/https://resizing.flixster.com/fo6Ukr9hppKUyhiAn6nGrkbT8Sw=/ems.cHJkLWVtcy1hc3NldHMvbW92aWVzL2NjYjMwYWRjLTYxMjQtNDE4NS04N2VjLTNkYTM0NGY1ZWM2Yy5qcGc=
86,GRAN TURISMO: BASED ON A TRUE STORY,R,2023, Action/Drama,['6.10'], 2h 15m,https://resizing.flixster.com/zdZIz2UhlOFFv6mI-ihcRxrZeo8=/206x305/v2/https://resizing.flixster.com/vh4hku_jZ4dVNC3Sdhtzt9pFlxs=/ems.cHJkLWVtcy1hc3NldHMvbW92aWVzLzViN2RhN2I5LWIwNWEtNDIyZi04YTdiLWQyZjk4YTAzZGRiMy5qcGc=
87,THE BATMAN,R,2022, Action/Adventure,['7.70'], 2h 56m,https://resizing.flixster.com/YDdRgWm1dsAAffl-U99wOf9v6fQ=/206x305/v2/https://resizing.flixster.com/HUwAlW1QAya1vlIePUDv3kdzhIE=/ems.cHJkLWVtcy1hc3NldHMvbW92aWVzLzc1OGFlMDI0LTE1ZTEtNDE4ZS04Y2RmLWNjYzcyOWQyZmMyNi5qcGc=
88,TROLLS BAND TOGETHER,R,2023, Kids & family/Musical,['5.90'], 1h 31m,https://resizing.flixster.com/U0A6hC-ENsCLtAYbqyl3FNpdOhQ=/206x305/v2/https://resizing.flixster.com/-XZAfHZM39UwaGJIFWKAE8fS0ak=/v3/t/assets/p24385182_p_v12_ae.jpg
89,THE MENU,R,2022, Horror/Mystery & thriller,['7.50'], 1h 47m,https://resizing.flixster.com/0GeiZivR9GYwFkcSf9942RL5l40=/206x305/v2/https://resizing.flixster.com/ThP55y9O__xdEFFCmmJ0pDy9FeI=/ems.cHJkLWVtcy1hc3NldHMvbW92aWVzL2FlZTkwYTAyLWNkNWYtNDA0ZS04N2FhLTE0NDUwZmM0ODdiOC5qcGc=
90,INTERSTELLAR,R,2014, Sci-fi/Adventure,['7.10'], 2h 45m,https://resizing.flixster.com/ook47iyCU5kwfHqSrDMespuKguA=/206x305/v2/https://resizing.flixster.com/-XZAfHZM39UwaGJIFWKAE8fS0ak=/v3/t/assets/p10543523_p_v12_ar.jpg
91,THE FAMILY PLAN,R,2023, Action/Comedy,['4.40'], 1h 58m,https://resizing.flixster.com/_JOY73TZj8AjoNBlL120hCoxmi8=/206x305/v2/https://resizing.flixster.com/6BgUpPM7gkRdNFjhtiNmCazua0E=/ems.cHJkLWVtcy1hc3NldHMvbW92aWVzL2MwYzkxMDkwLTEwYzYtNDM4Zi1iOTYxLWJmZTk4Y2QyYWU5MS5wbmc=
92,A HAUNTING IN VENICE,R,2023, Holiday/Mystery & thriller,['6.50'], 1h 43m,https://resizing.flixster.com/R87AkoH9PpZMG0IRZcUUgjkWDV4=/206x305/v2/https://resizing.flixster.com/zWHHArnrWGT0uGny9O9oiRRkUqI=/ems.cHJkLWVtcy1hc3NldHMvbW92aWVzLzFhMGFkMTlmLTc4MWUtNGIyMC04ZGMzLWUxNDE1ZGM1NDI4OS5qcGc=
93,THE KILLING OF A SACRED DEER,R,2017, Mystery & thriller/Horror,['7.70'], 2h 1m,https://resizing.flixster.com/QvzVIGgMUussMzhHBMPSN5W2Fbo=/206x305/v2/https://resizing.flixster.com/sR5FPtui6uxz5NA8C0nQhiIR7zQ=/ems.cHJkLWVtcy1hc3NldHMvbW92aWVzL2JiZDhjZjcwLWM1YmMtNDVhZi05OWE5LThiNTZjNjc4MDBhMS53ZWJw
94,THE CIRCLE,R,2017, Mystery & thriller/Drama,['4.20'], 1h 50m,https://resizing.flixster.com/zuyzmlKN9y0HI7piqRC_HsFHU3Q=/206x305/v2/https://resizing.flixster.com/-XZAfHZM39UwaGJIFWKAE8fS0ak=/v3/t/assets/p13377996_p_v8_aa.jpg
95,AFTERSUN,R,2022, Drama,['8.80'], 1h 41m,https://resizing.flixster.com/TQAQNv3IqhzEp_n15CxmriVOyWs=/206x305/v2/https://resizing.flixster.com/dLAtEC7GySsgPdWZKx-cPCV6KBY=/ems.cHJkLWVtcy1hc3NldHMvbW92aWVzL2Q3NWQwM2U2LWJkNTctNDNjOC04ODhiLTNlYjI1MGI0YmI4ZS5qcGc=
96,WILL,R,2023, Drama/History,['N/A'], 1h 50m,https://resizing.flixster.com/iETvetA0uegpDYdZXA96G045IGg=/206x305/v2/https://resizing.flixster.com/-XZAfHZM39UwaGJIFWKAE8fS0ak=/v3/t/assets/p26368055_v_v13_ab.jpg
97,THE PASSENGER,R,2023, Mystery & thriller/Drama,['6.40'], 1h 39m,https://resizing.flixster.com/TzhIPEtK_eB2paryM_MkFSwR7X8=/206x305/v2/https://resizing.flixster.com/Rj1rMMR4yJy7qd0KNL7y_sMygjw=/ems.cHJkLWVtcy1hc3NldHMvbW92aWVzL2QxYjI1NGY0LTM5YzgtNDI5OS04MmJhLWRiOTQ3MmM1N2I3ZS5qcGc=
98,SO PRETTY,R,2019, Drama,['5'], 1h 23m,https://resizing.flixster.com/ubSKn1Jns4UDLzGPXu7jjkhAnT4=/206x305/v2/https://resizing.flixster.com/LDq_pIUw34ouFjy1iI_d-zWY6Rg=/ems.cHJkLWVtcy1hc3NldHMvbW92aWVzLzMzZWRmNTJiLWFlMmItNDMzMS1hNTFkLWM3ZWY2ODZkMDc5Ny53ZWJw
99,ASTEROID CITY,R,2023, Comedy/Drama,['6.90'], 1h 45m,https://resizing.flixster.com/KjABCQrEjUoHp54lyoBK3Y7R8IA=/206x305/v2/https://resizing.flixster.com/N1dnUvL2FS7F9x090K-NlJXr-p4=/ems.cHJkLWVtcy1hc3NldHMvbW92aWVzLzMyNzc2ODYwLTJlMjYtNDgzNi05MmIwLWNiOTgzYzA4YjU0MC5qcGc=
100,THE BANSHEES OF INISHERIN,R,2022, Comedy,['8.70'], 1h 49m,https://resizing.flixster.com/-QnKlbwAnNuc_aJuyIFb-7Sb4rM=/206x305/v2/https://resizing.flixster.com/SqYohHz5ela5G1qTZ8aKYunK2Oo=/ems.cHJkLWVtcy1hc3NldHMvbW92aWVzLzc4ZjI3ZDBiLTkwMDktNDVkZC1hZmI5LTJiNDdjNWRmZDVjOC5qcGc=
101,FURY,R,2014, War/History,['Fresh'], 2h 14m,https://resizing.flixster.com/ioZunPOXVOCR0IkvwQRJceRpGr4=/206x305/v2/https://resizing.flixster.com/-XZAfHZM39UwaGJIFWKAE8fS0ak=/v3/t/assets/p10731391_p_v8_af.jpg
102,BLACKBERRY,R,2023, Comedy/Drama,['7.80'], 1h 59m,https://resizing.flixster.com/w4AptQ9qn2BUTE4RYLU7ydnP6XQ=/206x305/v2/https://resizing.flixster.com/s0upn5u_k0MAotQz3gxCnsjjCDE=/ems.cHJkLWVtcy1hc3NldHMvbW92aWVzLzk3NjMwMGI0LTY0ODktNDE1NS1hNmJiLWE5ZDcxOTU3YzM0Yi5qcGc=
103,SPIDER-MAN: ACROSS THE SPIDER-VERSE,R,2023, Kids & family/Action,['8.60'], 2h 20m,https://resizing.flixster.com/Kcw4PRHpIZSeBjo0FbhVwxQ7vdA=/206x305/v2/https://resizing.flixster.com/abVYM20-_8hBgvl4VJTC_28L0Tw=/ems.cHJkLWVtcy1hc3NldHMvbW92aWVzL2YzNTQxM2E4LTUzYmYtNGI3MS1iM2FmLWJjYTFmOWZjMDYzNS5qcGc=
104,GUY RITCHIE'S THE COVENANT,R,2023, War/Drama,['6.80'], 2h 3m,https://resizing.flixster.com/g5vulzsQyRmqlHZFbi46Y32mLWQ=/206x305/v2/https://resizing.flixster.com/-XZAfHZM39UwaGJIFWKAE8fS0ak=/v3/t/assets/p23680547_p_v8_aa.jpg
105,MEAN GIRLS,R,2004, Comedy,['6.90'], 1h 37m,https://resizing.flixster.com/N0oPotYroFnQqHibIpGGrNXvStE=/206x305/v2/https://resizing.flixster.com/HtZiEfthbBdM_Idd_OB4ZsyfgMk=/ems.cHJkLWVtcy1hc3NldHMvbW92aWVzLzI2MTVlZjAyLTc1NTAtNGE2Zi1iNzk0LTQxN2ZmMTIyYzRiMC5qcGc=
106,NO ONE WILL SAVE YOU,R,2023, Mystery & thriller/Horror,['7.10'], 1h 33m,https://resizing.flixster.com/nsVjhFl5MVssyMomIeFFC556JWI=/206x305/v2/https://resizing.flixster.com/3D3zyD54PdzIaCz5r15CLwaRWcE=/ems.cHJkLWVtcy1hc3NldHMvbW92aWVzLzY3MmY0MmEwLTI4NmYtNDZlYi05OTAxLTQ4Y2UwYTYxNmJiNC5qcGc=
107,JACQUELINE NOVAK: GET ON YOUR KNEES,R,2024, Comedy/Stand-up,['Fresh'], 1h 34m,https://resizing.flixster.com/B2a-__ke194v6qEfx1Gno8X86Q4=/206x305/v2/https://resizing.flixster.com/2--qa-Mb9chNRxh5k4TL16dFx38=/ems.cHJkLWVtcy1hc3NldHMvbW92aWVzLzZmZDA5YTc5LWUxYjAtNGNlMC1iNWNmLWVjNjZkZThmNTI0ZS5qcGc=
108,THE TIGER'S APPRENTICE,R,2024, Kids & family/Action,['5.50'], 1h 24m,https://resizing.flixster.com/jxSMw-Ai24bhCS1Ze68asB4t88k=/206x305/v2/https://resizing.flixster.com/atvzaA0NJYBYTDvEnIxb2BfXKdY=/ems.cHJkLWVtcy1hc3NldHMvbW92aWVzL2UwODYyZmViLTFiMjktNGNlMy05NjI3LTRlYTE0ZGRmMDM5NC5qcGc=
109,THE GOOD SHEPHERD,R,2006, Drama/Mystery & thriller,['Fresh'], 2h 48m,https://resizing.flixster.com/fW3RMlrzMSOoweeQX2BLmHnki-4=/206x305/v2/https://resizing.flixster.com/-XZAfHZM39UwaGJIFWKAE8fS0ak=/v3/t/assets/p159377_p_v8_ag.jpg
110,JOHN WICK: CHAPTER 4,R,2023, Action/Mystery & thriller,['8.10'], 2h 49m,https://resizing.flixster.com/tpLtbDZQSwBpb3jfwoI7zMiRMjE=/206x305/v2/https://resizing.flixster.com/ayiSi8HrUS3_i-Jkru1P2oMM58Q=/ems.cHJkLWVtcy1hc3NldHMvbW92aWVzLzhiODAwYWIyLTM1MmItNGI1ZS1iOWQzLTdjZjAzMzI1MDc2Yy5qcGc=
111,AFTER,R,2019, Romance/Drama,['3.60'], 1h 46m,https://resizing.flixster.com/gmB9N9ZdV5pytSrXdz1P73Nn2ak=/206x305/v2/https://resizing.flixster.com/9ODoVhjL-2PIHUYBJNjve-_ZoUw=/ems.cHJkLWVtcy1hc3NldHMvbW92aWVzLzY5NDI2ODEzLWNkYjAtNGM1YS04NDU0LTM0MzE4NDhmZGNiMS53ZWJw
112,FAST X,R,2023, Action/Adventure,['5.60'], 2h 21m,https://resizing.flixster.com/MQwHilOB18wHj3daf6qJceM3yic=/206x305/v2/https://resizing.flixster.com/8ZFc4VKwZN8NGV3ZqhCIFCHekxM=/ems.cHJkLWVtcy1hc3NldHMvbW92aWVzLzJlNDAyYWUzLWEwZTUtNDVlNy04MDliLTRmZWIzNDMzMzJmYS5qcGc=
113,NEXT GOAL WINS,R,2023, Comedy/Sports,['5.30'], 1h 44m,https://resizing.flixster.com/p1GUlZZr97ZOstZKhabnSaoQdnI=/206x305/v2/https://resizing.flixster.com/Sa0Dd9UsMwk3N--f8jNFZV9p9II=/ems.cHJkLWVtcy1hc3NldHMvbW92aWVzLzAxM2VhYzIxLWM4MTItNGMyZC1iNTdmLTQ0MDMzZDc0Y2QxNi5qcGc=
114,REPTILE,R,2023, Crime/Drama,['5.50'], 2h 14m,https://resizing.flixster.com/4tsk_bqv9nlFThZpnpgxx9QhppA=/206x305/v2/https://resizing.flixster.com/QJUikTM5PVkh8xv3kMycP_WcgdQ=/ems.cHJkLWVtcy1hc3NldHMvbW92aWVzL2ExN2NkZDkxLTY3MWEtNDVjZS1iYTdiLWVjZDgxOGJiODY5Yy5qcGc=
115,QUEEN BEES,R,2021, Comedy/Drama,['5.50'], 1h 41m,https://resizing.flixster.com/Up45vRZdEj3wDTxC-k1qjprTa-M=/206x305/v2/https://resizing.flixster.com/JtcHKu8pctwhGyijsutQaT-3SRk=/ems.cHJkLWVtcy1hc3NldHMvbW92aWVzLzJmMzg5YjljLTgyOGEtNGE2Yy1hZTE0LTg1YTU3YWU0ZTc5NC5qcGc=
116,THE MARSH KING'S DAUGHTER,R,2023, Mystery & thriller/Drama,['5.50'], 1h 48m,https://resizing.flixster.com/2PAMZIwX3csyB6Bkur48oQVjiGg=/206x305/v2/https://resizing.flixster.com/EUpk4RXf-m9ycwSLys-f1FcABnY=/ems.cHJkLWVtcy1hc3NldHMvbW92aWVzLzA3ZjJlZjkwLTYyMDUtNDBiNS04ZjQ0LTk5OGFhNWJjNmUyOS5qcGc=
117,THE SEEDING,R,2023, Horror/Mystery & thriller,['5.80'], 1h 34m,https://resizing.flixster.com/xf8O8oMcao5AZcVLr8txyotL52k=/206x305/v2/https://resizing.flixster.com/u30NtQgSvSP6_mlkh9vRwgQj-p8=/ems.cHJkLWVtcy1hc3NldHMvbW92aWVzLzAyMDMzMjViLTUwMTUtNDU1Mi05YzEzLWE3MTEzMDNjZWI4ZC5wbmc=
118,"ARE YOU THERE GOD? IT'S ME, MARGARET.",R,2023, Comedy/Drama,['8.40'], 1h 45m,https://resizing.flixster.com/KGs--4CbtG--SRtfwdXwBalJmXY=/206x305/v2/https://resizing.flixster.com/iOBz-fQyXc6eRWGuSH5d42dsHT0=/ems.cHJkLWVtcy1hc3NldHMvbW92aWVzLzA4YzRmNjcwLTUxOWUtNDJkZi05NmYyLTVjN2MyNDdjNzdiNy5qcGc=
119,FRIED GREEN TOMATOES,R,1991, Drama,['Fresh'], 2h 10m,https://resizing.flixster.com/7jR6X6ZMZskcc7OYLL3MAYexH9I=/206x305/v2/https://resizing.flixster.com/-XZAfHZM39UwaGJIFWKAE8fS0ak=/v3/t/assets/p13663_p_v8_ag.jpg
120,JACK WHITEHALL: SETTLE DOWN,R,2024, Comedy/Stand-up,['Rotten'], 1h 5m,https://resizing.flixster.com/JCJDYAzz6X_YUKJfuDC2Gm9eGDk=/206x305/v2/https://resizing.flixster.com/nZZf_VI3NGo8iDDU4EQTCURKI-Q=/ems.cHJkLWVtcy1hc3NldHMvbW92aWVzLzQ4NDFiNDczLWM5ZjktNDYzYi05Y2FhLWI4MjFmODg0NjcxMi5qcGc=
121,EL CONDE,R,2023, Comedy/Horror,['7.10'], 1h 50m,https://resizing.flixster.com/d6VoZQISTGmlEhXpOlvPvgCIv3g=/206x305/v2/https://resizing.flixster.com/FoLZlm6xSnPbaUMgN46UmHXfI7c=/ems.cHJkLWVtcy1hc3NldHMvbW92aWVzL2Y2ZDkwYmM5LWY2ZmMtNDU2Ny1iNDlmLWQxNWUwMTRiZWY5Ny5qcGc=
122,DEPARTING SENIORS,R,2023, Comedy/Horror,['Fresh'], 1h 25m,https://resizing.flixster.com/rtRS_dlMOLPqRnhTB_JsYcvUSHA=/206x305/v2/https://resizing.flixster.com/09IN9nvqSvnGeDUPk1mIT_3Gsjc=/ems.cHJkLWVtcy1hc3NldHMvbW92aWVzL2E0MGNhOTFlLTY5OTYtNGFmMC1hMzRmLTc1NWMwNzM3OGRmMy5qcGc=
123,DANGEROUS WATERS,R,2023, Mystery & thriller/Action,['4.60'], 1h 41m,https://resizing.flixster.com/jgtT9D60JAFxJRUw_baaZG0BVcM=/206x305/v2/https://resizing.flixster.com/4ktB5BY41sE1IWoOCIBsq9gW6xI=/ems.cHJkLWVtcy1hc3NldHMvbW92aWVzL2EwZTJlMGQ3LWJiZGUtNGU0OS1hZDZlLWMyMDM0OGFlZWI1OC5qcGc=
124,ONCE UPON A TIME... IN HOLLYWOOD,R,2019, Comedy/Drama,['7.90'], 2h 39m,https://resizing.flixster.com/keYhnzIxaYwn2scoKWkCr6sZgD0=/206x305/v2/https://resizing.flixster.com/e7LlisXQ8E9sK0bG6ev6LmFxWBs=/ems.cHJkLWVtcy1hc3NldHMvbW92aWVzLzFmOWVhNjA2LTAzZDMtNDQ2Yy1iN2FkLTc4YTgwODIxZDdjOS53ZWJw
125,CALAMITY JANE,R,2024, Western,['Rotten'], 1h 35m,https://resizing.flixster.com/hXvfd0YknS1rgjOBdFIjL9B6aMs=/206x305/v2/https://resizing.flixster.com/waxzR6YX7ToYeatln2Vwd5x-8kQ=/ems.cHJkLWVtcy1hc3NldHMvbW92aWVzL2QwNDk3MzQ5LWYzN2QtNGFlOS05MzRlLTRiZmQyMzk2YWZhZC5qcGc=
126,BEAU IS AFRAID,R,2023, Adventure/Horror,['6.80'], 2h 59m,https://resizing.flixster.com/LTFyD3CYPB1eAcvOwYwyufngyBw=/206x305/v2/https://resizing.flixster.com/QdFUG32U5gyx2uVinx5asNZTgyQ=/ems.cHJkLWVtcy1hc3NldHMvbW92aWVzLzczMjQ1ZWQ3LTZhOGMtNDIyYi05NGU5LTk3ZGYyMTYzN2IxNS5qcGc=
127,HIS HOUSE,R,2020, Horror/Mystery & thriller,['8.00'], 1h 33m,https://resizing.flixster.com/DQoCszCoxbLp2vyLuTUDOgKHqWw=/206x305/v2/https://resizing.flixster.com/OnI40v_5iaeMcxv03WYplHl5l_8=/ems.cHJkLWVtcy1hc3NldHMvbW92aWVzL2UzY2U2OGZiLTBlN2UtNDUxMi1iMmI0LTFkYTFiYzBlYzA1MC5qcGc=
128,SIXTY MINUTES,R,2024, Action/Drama,['6.40'], 1h 28m,https://resizing.flixster.com/opaUtuH3bSsEYUQAeWULspLHyGI=/206x305/v2/https://resizing.flixster.com/SANlbIKB9vY2XSk_8lW5c_doWbk=/ems.cHJkLWVtcy1hc3NldHMvbW92aWVzLzFlYTY0ZTFhLWFiM2UtNDhhMS1iM2YwLWZiYzc1YWEyNDMzYi5qcGc=
129,THE NOVICE,R,2021, Mystery & thriller,['7.80'], 1h 34m,https://resizing.flixster.com/QpHHU0MpYSDIfHGkYilm54cou4U=/206x305/v2/https://resizing.flixster.com/nP7joo3QAx-q5hw8FlgpqrxnnJg=/ems.cHJkLWVtcy1hc3NldHMvbW92aWVzL2RjNmJiMjJlLWZkYjktNDg3OC1hZWI5LTQxZTViYWJjNjFjYi5qcGc=
130,MINDCAGE,R,2022, Mystery & thriller/Crime,['3.10'], 1h 36m,https://resizing.flixster.com/ze6SWWpaVcr3LrT75YlnBeDkeic=/206x305/v2/https://resizing.flixster.com/KELM3SNcyzWJQ4yFxSmffjfnDw8=/ems.cHJkLWVtcy1hc3NldHMvbW92aWVzLzdjNDU5MGQ2LTNjMjEtNGRkOC1iMTMzLWJmMDE4ZGU2YzA1ZS5qcGc=
131,UNCHARTED,R,2022, Adventure/Action,['5.20'], 1h 56m,https://resizing.flixster.com/67QFiHz4pD23vTsQ-FXn_F8vRTU=/206x305/v2/https://resizing.flixster.com/Vu0aZW3KXbHGf7icIpKBNYdUExg=/ems.cHJkLWVtcy1hc3NldHMvbW92aWVzL2NlYzZhYTRkLTBlNWMtNDBiZC05N2JhLTdjMWE2ODdiNDNiZS5qcGc=
132,THE GREEN KNIGHT,R,2021, Fantasy/Adventure,['8.10'], 2h 5m,https://resizing.flixster.com/UTM33WB2cQl76zY-Oca4zD0PVcA=/206x305/v2/https://resizing.flixster.com/jdxFqtou2Vvgsi6yicMdE-3m49I=/ems.cHJkLWVtcy1hc3NldHMvbW92aWVzLzU1MTI1ZjA3LWM0NjgtNDc4ZS1iNzExLTYxZmZlYjE1MTFhMi5qcGc=
133,TRANSFORMERS: RISE OF THE BEASTS,R,2023, Action/Adventure,['5.20'], 2h 7m,https://resizing.flixster.com/nurEqwdnKbSJP0Us0zm27irc5UA=/206x305/v2/https://resizing.flixster.com/ADqLkFgcXV2RHCEvTFxO1CTZcrw=/ems.cHJkLWVtcy1hc3NldHMvbW92aWVzLzNiNjRiZmJjLTY4MDUtNDk4NC04OGNiLTdiNWM3NjljOTY0MS5qcGc=
134,THERE IS A MONSTER,R,2024, Drama/Horror,['N/A'], 1h 22m,https://resizing.flixster.com/0Iuq-taXjw0VHWY99NUeM5CnfzU=/206x305/v2/https://resizing.flixster.com/4P3EHDWR2WP-k3dd00pVxiIFd7I=/ems.cHJkLWVtcy1hc3NldHMvbW92aWVzL2RhNDQzMjg3LTVhNjUtNGE0Ny1hYjQ1LTZjNDk5YWRiM2MzZC5qcGc=
135,BULLET TRAIN,R,2022, Action/Comedy,['5.60'], 2h 6m,https://resizing.flixster.com/wwFE-DFGo0WPb0n4dXEtLkbnRe4=/206x305/v2/https://resizing.flixster.com/0Wuqfdlk2B3QUnrB7wPlQ7c47AI=/ems.cHJkLWVtcy1hc3NldHMvbW92aWVzLzI3OTIwZDU1LTEwNmQtNGYwZS1iNjhlLTIwNmU0MjdiYmY2MS5qcGc=
136,THEY CLONED TYRONE,R,2023, Sci-fi/Comedy,['7.50'], 2h 2m,https://resizing.flixster.com/UCxd78OdcaPp4t3YUF5El6MasZI=/206x305/v2/https://resizing.flixster.com/K4kuKhTHuNOu_vaVhe-d7MzrAyI=/ems.cHJkLWVtcy1hc3NldHMvbW92aWVzL2FiZjkzNTE0LWM1N2ItNDhiMS05NTBmLTkwYzZjNWY1ZmU5Ny5qcGc=
137,GREYHOUND,R,2020, War/History,['6.50'], 1h 32m,https://resizing.flixster.com/p705PYUoIw37_zTx7nTS4mlZCZg=/206x305/v2/https://resizing.flixster.com/AYi9IiSUGR7hKDvXwSiCCCNwvlA=/ems.cHJkLWVtcy1hc3NldHMvbW92aWVzLzJhNzBiY2NjLTZjODctNGUwZi1iZGM5LTViNTlmODJjMWVmMC5wbmc=
138,BLUE BEETLE,R,2023, Action/Adventure,['6.40'], 2h 7m,https://resizing.flixster.com/jLI0bBXHv_QWCinyDQX2_4fUbw0=/206x305/v2/https://resizing.flixster.com/LkLbwnW0XscqKuxfatfaG7sLeq0=/ems.cHJkLWVtcy1hc3NldHMvbW92aWVzLzc1YzY2OTkwLWUyYTktNGE0NS05YTg4LThlYzliNDRmNDExOS5qcGc=
139,SPIDER-MAN: NO WAY HOME,R,2021, Action/Adventure,['7.90'], 2h 28m,https://resizing.flixster.com/wouDuoTzmfpwzvVDiTldrBHkbTo=/206x305/v2/https://resizing.flixster.com/8PNiwC2bpe9OecfYZSOVkvYC5vk=/ems.cHJkLWVtcy1hc3NldHMvbW92aWVzL2U5NGM0Y2Q1LTAyYTItNGFjNC1hNWZhLWMzYjJjOTdjMTFhOS5qcGc=
